ref,sha
refs/heads/feat/buyback-model-minimum-offer,d7560773556de03cb1d448aa3f3ae0f9a3a27eb1
refs/heads/feat/buyback-model-offer-adjustment-overrides,5a7d52f8b48dae81cffcf9b873213bcd241faa13
refs/heads/feat/buyback-offer-admin-settings,a2bd71ae59492336c9f51aadebe29aa4f487a92b
refs/heads/feat/checkout-final-ux,91c2dbccb8bb330b7ccc4c1b635fb26a14a78ad1
refs/heads/feat/legal-content-infrastructure,8c71f4a7685bac1e84b60ece2b498a260bb9cf88
refs/heads/feat/legal-demo-ready-state,d06546204b4b76959ff54696ed605e7c76b3d4f4
refs/heads/feat/product-gallery-ux,a1e0922d0fb537a70dddfef52c4a3f53b1bb62e5
refs/heads/feature/appleklinika-backoffice-v1,5f4a68c07deb469eca4c92a231078446eed23f6b
refs/heads/feature/appleklinika-buyback-v1,79d142be071d2f0df86a4247de770f9667d3f4ac
refs/heads/feature/cart-checkout-order-finalization,a22d3713cf58139a1a480531760ee9717af3c578
refs/heads/feature/checkout-shipping-address-state-contract,94cbbaa2b1fd7a4c1c5be4b6484c390a6ba43038
refs/heads/feature/checkout-ui-company-polish,a2832d6f0b0dd3666e7e9b0106195554eb631520
refs/heads/feature/checkout-visual-polish,df7d4548cd9df53657b0a9c099d9c9cc3fa7405a
refs/heads/feature/customer-account-stabilization,3fdf05afdf48417c19f469042d35a6427bf69064
refs/heads/feature/customer-account-visual-polish,e6712f9ab5549f142b1fbd297930468b271fda6f
refs/heads/feature/customer-account-visual-polish-2,aa07887d57b7b12fec2bfa9bde86a8913a576073
refs/heads/feature/customer-address-book,d7b5e39e78e953a030ac6fca770901c52207a3ba
refs/heads/feature/homepage-body-redesign,f4cc7061e8f65077908fb2099772244548b6b18f
refs/heads/feature/integration-order-field-mapping,5fb2202fe712b3c4aa19b0afae32c90af1cff888
refs/heads/feature/mobile-storefront-safety-pass,279592f6ac171ef7a77498b3dc1fec665eafbb79
refs/heads/feature/product-page-information-polish,ae425829485ebe6c964fbffc83766be9e4fdfe9c
refs/heads/feature/project-bootstrap,c6e32e30433b8d72aff69b39f2870fc3e6eecfff
refs/heads/feature/storefront-header-actions,0edc4bf4ea8339ab29ea8c4cc047ca4bacb85d94
refs/heads/feature/storefront-visual-polish,18fd8404ed39f1b88aee4b36046bb1ca2cf40a7d
refs/heads/feature/transaction-visual-polish,be5454b78f41cd9a649070aa554f3a2ff382ec7e
refs/heads/fix/buyback-global-offer-copy,1e01d16bb7a4ddd87849a8f3e51926bec394570d
refs/heads/fix/buyback-pricebook-clone-name-limit,59a7b7315a29e18ccc5ac594c26b95835672c367
refs/heads/fix/buyback-pricebook-reference-detection,77b73954c1875dffb47fef349adf19ecfa36eba6
refs/heads/fix/buyback-rejected-public-copy,68203f34ba10634f0b5f0e23b2859a2d35002722
refs/heads/fix/catalog-search-discoverability,5769f0acb7be78b2c2d10dd4dffb1c3c5fa8ebea
refs/heads/fix/checkout-address-lifecycle,5c488d8e4cea5cf18da74120bc21d6f641496ab4
refs/heads/fix/checkout-billing-selector-lifecycle,11168c327f21b5925d03bd7f9e15ef9b21ffa1d8
refs/heads/fix/checkout-billing-selector-remount,b15ab6dcec810d401ec882d4ca013ab075a16ab1
refs/heads/fix/checkout-blocks-state-contract,4e12468c9f3fb3b3663ece65876e77919e1b86a3
refs/heads/fix/checkout-company-rerender-store-state,fea5338eb03b554318df653be6738c3eeb81426b
refs/heads/fix/checkout-company-step3-name-errors,473493776aed5a54da8ce1daaa7da8731166fa7f
refs/heads/fix/checkout-company-validation-messages,1ba28457c93bc2a5abc61867f8b44cd0cfd4df71
refs/heads/fix/checkout-contact-state-rerender,43bff6a749b0570fa2dfd98c47892b612cdafbbb
refs/heads/fix/checkout-core-minimal,758ae854491a11554f146fb7bd460c14882962ec
refs/heads/fix/checkout-guest-company-storeapi-identity,362978aeb51e212e4f3e407c778e22991135ab9c
refs/heads/fix/checkout-rerender-state-rehydration,fb77c0c93c31fd09379c4ff758da3c69395e6f96
refs/heads/fix/core-commerce-correctness,88eca5483a0d183159d6dcb6d2b24956bc8a493a
refs/heads/fix/customer-address-book-store-api-schema,f67cea41f602b40b59146f0803cae888707dddac
refs/heads/fix/prelaunch-visible-polish,4654abf65210298276bc1c67670e0cc4cadeb8a2
refs/heads/fix/product-selector-cart-form-lifecycle,0bb31a75d8a71ef4aef4e536a97348d4141bf230
refs/heads/main,238c38e43b6e0d2ecbb24c697a4ed59753029cc5
refs/heads/test/buyback-public-submission-fixture,e9498743224e5b7377af06710b5196b9f57c00be
refs/heads/test/checkout-order-e2e-runner,29ea2f1d589c4f88d123c8e3283fcdfa4db072f8
refs/heads/wip/appleklinika-buyback-phase2c-partial-2026-07-16,f19159dc14a78215764e948615a2efdc93950e48
refs/tags/prelaunch-checkpoint-2026-09,d5c332e13a4b18f461064bd12bfe5388fc835f61
