commit,file,blob
5f4a68c07deb469eca4c92a231078446eed23f6b,wordpress/wp-content/plugins/appleklinika-inventory/assets/demo/iphone-13-pro-1.jpg,456adb89d52b08e9cf940e5fc8eecf708e4ba376
5f4a68c07deb469eca4c92a231078446eed23f6b,wordpress/wp-content/plugins/appleklinika-inventory/assets/demo/iphone-13-pro-2.jpg,2315424aeb079e8783818bdce9b9f4e35502264b
5f4a68c07deb469eca4c92a231078446eed23f6b,wordpress/wp-content/plugins/appleklinika-inventory/assets/demo/iphone-13-pro-3.jpg,9cb7d8218523dd1fd93fc0251a22fe63c751c205
17e0f9853d27c7558f44fc4c9149a946d85c4f1c,wordpress/wp-content/plugins/appleklinika-inventory/assets/demo/iphone-13-pro-1.jpg,456adb89d52b08e9cf940e5fc8eecf708e4ba376
17e0f9853d27c7558f44fc4c9149a946d85c4f1c,wordpress/wp-content/plugins/appleklinika-inventory/assets/demo/iphone-13-pro-2.jpg,2315424aeb079e8783818bdce9b9f4e35502264b
17e0f9853d27c7558f44fc4c9149a946d85c4f1c,wordpress/wp-content/plugins/appleklinika-inventory/assets/demo/iphone-13-pro-3.jpg,9cb7d8218523dd1fd93fc0251a22fe63c751c205
067d63cbbdd38dc52a95d14fb3bd6ec309088d2d,wordpress/wp-content/plugins/appleklinika-inventory/assets/demo/iphone-13-pro-1.jpg,456adb89d52b08e9cf940e5fc8eecf708e4ba376
067d63cbbdd38dc52a95d14fb3bd6ec309088d2d,wordpress/wp-content/plugins/appleklinika-inventory/assets/demo/iphone-13-pro-2.jpg,2315424aeb079e8783818bdce9b9f4e35502264b
067d63cbbdd38dc52a95d14fb3bd6ec309088d2d,wordpress/wp-content/plugins/appleklinika-inventory/assets/demo/iphone-13-pro-3.jpg,9cb7d8218523dd1fd93fc0251a22fe63c751c205
1b741ac9432abd2fee571c1b7364dafdcfbe0d19,wordpress/wp-content/plugins/appleklinika-inventory/assets/demo/iphone-13-pro-1.jpg,456adb89d52b08e9cf940e5fc8eecf708e4ba376
1b741ac9432abd2fee571c1b7364dafdcfbe0d19,wordpress/wp-content/plugins/appleklinika-inventory/assets/demo/iphone-13-pro-2.jpg,2315424aeb079e8783818bdce9b9f4e35502264b
1b741ac9432abd2fee571c1b7364dafdcfbe0d19,wordpress/wp-content/plugins/appleklinika-inventory/assets/demo/iphone-13-pro-3.jpg,9cb7d8218523dd1fd93fc0251a22fe63c751c205
e8b18f45be6bd714ec28d5656ea0360a1d975d23,wordpress/wp-content/plugins/appleklinika-inventory/assets/demo/iphone-13-pro-1.jpg,456adb89d52b08e9cf940e5fc8eecf708e4ba376
e8b18f45be6bd714ec28d5656ea0360a1d975d23,wordpress/wp-content/plugins/appleklinika-inventory/assets/demo/iphone-13-pro-2.jpg,2315424aeb079e8783818bdce9b9f4e35502264b
e8b18f45be6bd714ec28d5656ea0360a1d975d23,wordpress/wp-content/plugins/appleklinika-inventory/assets/demo/iphone-13-pro-3.jpg,9cb7d8218523dd1fd93fc0251a22fe63c751c205
6bb00605a5d12308a6275726e809e925066fea8d,wordpress/wp-content/plugins/appleklinika-inventory/assets/demo/iphone-13-pro-1.jpg,456adb89d52b08e9cf940e5fc8eecf708e4ba376
6bb00605a5d12308a6275726e809e925066fea8d,wordpress/wp-content/plugins/appleklinika-inventory/assets/demo/iphone-13-pro-2.jpg,2315424aeb079e8783818bdce9b9f4e35502264b
6bb00605a5d12308a6275726e809e925066fea8d,wordpress/wp-content/plugins/appleklinika-inventory/assets/demo/iphone-13-pro-3.jpg,9cb7d8218523dd1fd93fc0251a22fe63c751c205
e28aa8b258527b2ec11295cbb8a8d8bebe11a9ae,wordpress/wp-content/plugins/appleklinika-inventory/assets/demo/iphone-13-pro-1.jpg,456adb89d52b08e9cf940e5fc8eecf708e4ba376
e28aa8b258527b2ec11295cbb8a8d8bebe11a9ae,wordpress/wp-content/plugins/appleklinika-inventory/assets/demo/iphone-13-pro-2.jpg,2315424aeb079e8783818bdce9b9f4e35502264b
e28aa8b258527b2ec11295cbb8a8d8bebe11a9ae,wordpress/wp-content/plugins/appleklinika-inventory/assets/demo/iphone-13-pro-3.jpg,9cb7d8218523dd1fd93fc0251a22fe63c751c205
f4cc7061e8f65077908fb2099772244548b6b18f,wordpress/wp-content/plugins/appleklinika-inventory/assets/demo/iphone-13-pro-1.jpg,456adb89d52b08e9cf940e5fc8eecf708e4ba376
f4cc7061e8f65077908fb2099772244548b6b18f,wordpress/wp-content/plugins/appleklinika-inventory/assets/demo/iphone-13-pro-2.jpg,2315424aeb079e8783818bdce9b9f4e35502264b
f4cc7061e8f65077908fb2099772244548b6b18f,wordpress/wp-content/plugins/appleklinika-inventory/assets/demo/iphone-13-pro-3.jpg,9cb7d8218523dd1fd93fc0251a22fe63c751c205
c13b04cd98c74fe442284b494ecb04160db346f6,wordpress/wp-content/plugins/appleklinika-inventory/assets/demo/iphone-13-pro-1.jpg,456adb89d52b08e9cf940e5fc8eecf708e4ba376
c13b04cd98c74fe442284b494ecb04160db346f6,wordpress/wp-content/plugins/appleklinika-inventory/assets/demo/iphone-13-pro-2.jpg,2315424aeb079e8783818bdce9b9f4e35502264b
c13b04cd98c74fe442284b494ecb04160db346f6,wordpress/wp-content/plugins/appleklinika-inventory/assets/demo/iphone-13-pro-3.jpg,9cb7d8218523dd1fd93fc0251a22fe63c751c205
5fb2202fe712b3c4aa19b0afae32c90af1cff888,wordpress/wp-content/plugins/appleklinika-inventory/assets/demo/iphone-13-pro-1.jpg,456adb89d52b08e9cf940e5fc8eecf708e4ba376
5fb2202fe712b3c4aa19b0afae32c90af1cff888,wordpress/wp-content/plugins/appleklinika-inventory/assets/demo/iphone-13-pro-2.jpg,2315424aeb079e8783818bdce9b9f4e35502264b
5fb2202fe712b3c4aa19b0afae32c90af1cff888,wordpress/wp-content/plugins/appleklinika-inventory/assets/demo/iphone-13-pro-3.jpg,9cb7d8218523dd1fd93fc0251a22fe63c751c205
35909b1ef22f42569a26069c9728f40beab0f2e4,wordpress/wp-content/plugins/appleklinika-inventory/assets/demo/iphone-13-pro-1.jpg,456adb89d52b08e9cf940e5fc8eecf708e4ba376
35909b1ef22f42569a26069c9728f40beab0f2e4,wordpress/wp-content/plugins/appleklinika-inventory/assets/demo/iphone-13-pro-2.jpg,2315424aeb079e8783818bdce9b9f4e35502264b
35909b1ef22f42569a26069c9728f40beab0f2e4,wordpress/wp-content/plugins/appleklinika-inventory/assets/demo/iphone-13-pro-3.jpg,9cb7d8218523dd1fd93fc0251a22fe63c751c205
91c2dbccb8bb330b7ccc4c1b635fb26a14a78ad1,wordpress/wp-content/plugins/appleklinika-inventory/assets/demo/iphone-13-pro-1.jpg,456adb89d52b08e9cf940e5fc8eecf708e4ba376
91c2dbccb8bb330b7ccc4c1b635fb26a14a78ad1,wordpress/wp-content/plugins/appleklinika-inventory/assets/demo/iphone-13-pro-2.jpg,2315424aeb079e8783818bdce9b9f4e35502264b
91c2dbccb8bb330b7ccc4c1b635fb26a14a78ad1,wordpress/wp-content/plugins/appleklinika-inventory/assets/demo/iphone-13-pro-3.jpg,9cb7d8218523dd1fd93fc0251a22fe63c751c205
e4ca0743063877030de05c14902881a910f624ec,wordpress/wp-content/plugins/appleklinika-inventory/assets/demo/iphone-13-pro-1.jpg,456adb89d52b08e9cf940e5fc8eecf708e4ba376
e4ca0743063877030de05c14902881a910f624ec,wordpress/wp-content/plugins/appleklinika-inventory/assets/demo/iphone-13-pro-2.jpg,2315424aeb079e8783818bdce9b9f4e35502264b
e4ca0743063877030de05c14902881a910f624ec,wordpress/wp-content/plugins/appleklinika-inventory/assets/demo/iphone-13-pro-3.jpg,9cb7d8218523dd1fd93fc0251a22fe63c751c205
64f6277b925420a3e3cab726dcfdcab39f060280,wordpress/wp-content/plugins/appleklinika-inventory/assets/demo/iphone-13-pro-1.jpg,456adb89d52b08e9cf940e5fc8eecf708e4ba376
64f6277b925420a3e3cab726dcfdcab39f060280,wordpress/wp-content/plugins/appleklinika-inventory/assets/demo/iphone-13-pro-2.jpg,2315424aeb079e8783818bdce9b9f4e35502264b
64f6277b925420a3e3cab726dcfdcab39f060280,wordpress/wp-content/plugins/appleklinika-inventory/assets/demo/iphone-13-pro-3.jpg,9cb7d8218523dd1fd93fc0251a22fe63c751c205
0ec144778cb30366f5afa9a2a4b3a4a9e7ae80b7,wordpress/wp-content/plugins/appleklinika-inventory/assets/demo/iphone-13-pro-1.jpg,456adb89d52b08e9cf940e5fc8eecf708e4ba376
0ec144778cb30366f5afa9a2a4b3a4a9e7ae80b7,wordpress/wp-content/plugins/appleklinika-inventory/assets/demo/iphone-13-pro-2.jpg,2315424aeb079e8783818bdce9b9f4e35502264b
0ec144778cb30366f5afa9a2a4b3a4a9e7ae80b7,wordpress/wp-content/plugins/appleklinika-inventory/assets/demo/iphone-13-pro-3.jpg,9cb7d8218523dd1fd93fc0251a22fe63c751c205
ea9a7e8b5fb3ac271fc7a522faa8d76b1c515233,wordpress/wp-content/plugins/appleklinika-inventory/assets/demo/iphone-13-pro-1.jpg,456adb89d52b08e9cf940e5fc8eecf708e4ba376
ea9a7e8b5fb3ac271fc7a522faa8d76b1c515233,wordpress/wp-content/plugins/appleklinika-inventory/assets/demo/iphone-13-pro-2.jpg,2315424aeb079e8783818bdce9b9f4e35502264b
ea9a7e8b5fb3ac271fc7a522faa8d76b1c515233,wordpress/wp-content/plugins/appleklinika-inventory/assets/demo/iphone-13-pro-3.jpg,9cb7d8218523dd1fd93fc0251a22fe63c751c205
c084d7ed3a0cfabfc34ec40029e329d530181678,wordpress/wp-content/plugins/appleklinika-inventory/assets/demo/iphone-13-pro-1.jpg,456adb89d52b08e9cf940e5fc8eecf708e4ba376
c084d7ed3a0cfabfc34ec40029e329d530181678,wordpress/wp-content/plugins/appleklinika-inventory/assets/demo/iphone-13-pro-2.jpg,2315424aeb079e8783818bdce9b9f4e35502264b
c084d7ed3a0cfabfc34ec40029e329d530181678,wordpress/wp-content/plugins/appleklinika-inventory/assets/demo/iphone-13-pro-3.jpg,9cb7d8218523dd1fd93fc0251a22fe63c751c205
4654abf65210298276bc1c67670e0cc4cadeb8a2,wordpress/wp-content/plugins/appleklinika-inventory/assets/demo/iphone-13-pro-1.jpg,456adb89d52b08e9cf940e5fc8eecf708e4ba376
4654abf65210298276bc1c67670e0cc4cadeb8a2,wordpress/wp-content/plugins/appleklinika-inventory/assets/demo/iphone-13-pro-2.jpg,2315424aeb079e8783818bdce9b9f4e35502264b
4654abf65210298276bc1c67670e0cc4cadeb8a2,wordpress/wp-content/plugins/appleklinika-inventory/assets/demo/iphone-13-pro-3.jpg,9cb7d8218523dd1fd93fc0251a22fe63c751c205
bd171ebda56627975baf30d69fbe63856c886a1c,wordpress/wp-content/plugins/appleklinika-inventory/assets/demo/iphone-13-pro-1.jpg,456adb89d52b08e9cf940e5fc8eecf708e4ba376
bd171ebda56627975baf30d69fbe63856c886a1c,wordpress/wp-content/plugins/appleklinika-inventory/assets/demo/iphone-13-pro-2.jpg,2315424aeb079e8783818bdce9b9f4e35502264b
bd171ebda56627975baf30d69fbe63856c886a1c,wordpress/wp-content/plugins/appleklinika-inventory/assets/demo/iphone-13-pro-3.jpg,9cb7d8218523dd1fd93fc0251a22fe63c751c205
0bb31a75d8a71ef4aef4e536a97348d4141bf230,wordpress/wp-content/plugins/appleklinika-inventory/assets/demo/iphone-13-pro-1.jpg,456adb89d52b08e9cf940e5fc8eecf708e4ba376
0bb31a75d8a71ef4aef4e536a97348d4141bf230,wordpress/wp-content/plugins/appleklinika-inventory/assets/demo/iphone-13-pro-2.jpg,2315424aeb079e8783818bdce9b9f4e35502264b
0bb31a75d8a71ef4aef4e536a97348d4141bf230,wordpress/wp-content/plugins/appleklinika-inventory/assets/demo/iphone-13-pro-3.jpg,9cb7d8218523dd1fd93fc0251a22fe63c751c205
47e8d950f92247de30c02d1ebfddc36003dd74e4,wordpress/wp-content/plugins/appleklinika-inventory/assets/demo/iphone-13-pro-1.jpg,456adb89d52b08e9cf940e5fc8eecf708e4ba376
47e8d950f92247de30c02d1ebfddc36003dd74e4,wordpress/wp-content/plugins/appleklinika-inventory/assets/demo/iphone-13-pro-2.jpg,2315424aeb079e8783818bdce9b9f4e35502264b
47e8d950f92247de30c02d1ebfddc36003dd74e4,wordpress/wp-content/plugins/appleklinika-inventory/assets/demo/iphone-13-pro-3.jpg,9cb7d8218523dd1fd93fc0251a22fe63c751c205
ae425829485ebe6c964fbffc83766be9e4fdfe9c,wordpress/wp-content/plugins/appleklinika-inventory/assets/demo/iphone-13-pro-1.jpg,456adb89d52b08e9cf940e5fc8eecf708e4ba376
ae425829485ebe6c964fbffc83766be9e4fdfe9c,wordpress/wp-content/plugins/appleklinika-inventory/assets/demo/iphone-13-pro-2.jpg,2315424aeb079e8783818bdce9b9f4e35502264b
ae425829485ebe6c964fbffc83766be9e4fdfe9c,wordpress/wp-content/plugins/appleklinika-inventory/assets/demo/iphone-13-pro-3.jpg,9cb7d8218523dd1fd93fc0251a22fe63c751c205
366766ebbf6db3079d821f5877108160a2b6d731,wordpress/wp-content/plugins/appleklinika-inventory/assets/demo/iphone-13-pro-1.jpg,456adb89d52b08e9cf940e5fc8eecf708e4ba376
366766ebbf6db3079d821f5877108160a2b6d731,wordpress/wp-content/plugins/appleklinika-inventory/assets/demo/iphone-13-pro-2.jpg,2315424aeb079e8783818bdce9b9f4e35502264b
366766ebbf6db3079d821f5877108160a2b6d731,wordpress/wp-content/plugins/appleklinika-inventory/assets/demo/iphone-13-pro-3.jpg,9cb7d8218523dd1fd93fc0251a22fe63c751c205
5fbf493a3f0b7978ef1116b396a9b73785243b5f,wordpress/wp-content/plugins/appleklinika-inventory/assets/demo/iphone-13-pro-1.jpg,456adb89d52b08e9cf940e5fc8eecf708e4ba376
5fbf493a3f0b7978ef1116b396a9b73785243b5f,wordpress/wp-content/plugins/appleklinika-inventory/assets/demo/iphone-13-pro-2.jpg,2315424aeb079e8783818bdce9b9f4e35502264b
5fbf493a3f0b7978ef1116b396a9b73785243b5f,wordpress/wp-content/plugins/appleklinika-inventory/assets/demo/iphone-13-pro-3.jpg,9cb7d8218523dd1fd93fc0251a22fe63c751c205
c7752be3a8a6083db4213c8daa3a8d69e3ba5303,wordpress/wp-content/plugins/appleklinika-inventory/assets/demo/iphone-13-pro-1.jpg,456adb89d52b08e9cf940e5fc8eecf708e4ba376
c7752be3a8a6083db4213c8daa3a8d69e3ba5303,wordpress/wp-content/plugins/appleklinika-inventory/assets/demo/iphone-13-pro-2.jpg,2315424aeb079e8783818bdce9b9f4e35502264b
c7752be3a8a6083db4213c8daa3a8d69e3ba5303,wordpress/wp-content/plugins/appleklinika-inventory/assets/demo/iphone-13-pro-3.jpg,9cb7d8218523dd1fd93fc0251a22fe63c751c205
0edc4bf4ea8339ab29ea8c4cc047ca4bacb85d94,wordpress/wp-content/plugins/appleklinika-inventory/assets/demo/iphone-13-pro-1.jpg,456adb89d52b08e9cf940e5fc8eecf708e4ba376
0edc4bf4ea8339ab29ea8c4cc047ca4bacb85d94,wordpress/wp-content/plugins/appleklinika-inventory/assets/demo/iphone-13-pro-2.jpg,2315424aeb079e8783818bdce9b9f4e35502264b
0edc4bf4ea8339ab29ea8c4cc047ca4bacb85d94,wordpress/wp-content/plugins/appleklinika-inventory/assets/demo/iphone-13-pro-3.jpg,9cb7d8218523dd1fd93fc0251a22fe63c751c205
a1e0922d0fb537a70dddfef52c4a3f53b1bb62e5,wordpress/wp-content/plugins/appleklinika-inventory/assets/demo/iphone-13-pro-1.jpg,456adb89d52b08e9cf940e5fc8eecf708e4ba376
a1e0922d0fb537a70dddfef52c4a3f53b1bb62e5,wordpress/wp-content/plugins/appleklinika-inventory/assets/demo/iphone-13-pro-2.jpg,2315424aeb079e8783818bdce9b9f4e35502264b
a1e0922d0fb537a70dddfef52c4a3f53b1bb62e5,wordpress/wp-content/plugins/appleklinika-inventory/assets/demo/iphone-13-pro-3.jpg,9cb7d8218523dd1fd93fc0251a22fe63c751c205
d06546204b4b76959ff54696ed605e7c76b3d4f4,wordpress/wp-content/plugins/appleklinika-inventory/assets/demo/iphone-13-pro-1.jpg,456adb89d52b08e9cf940e5fc8eecf708e4ba376
d06546204b4b76959ff54696ed605e7c76b3d4f4,wordpress/wp-content/plugins/appleklinika-inventory/assets/demo/iphone-13-pro-2.jpg,2315424aeb079e8783818bdce9b9f4e35502264b
d06546204b4b76959ff54696ed605e7c76b3d4f4,wordpress/wp-content/plugins/appleklinika-inventory/assets/demo/iphone-13-pro-3.jpg,9cb7d8218523dd1fd93fc0251a22fe63c751c205
de224e591630303d2bcddc5c14ec19433e53b940,wordpress/wp-content/plugins/appleklinika-inventory/assets/demo/iphone-13-pro-1.jpg,456adb89d52b08e9cf940e5fc8eecf708e4ba376
de224e591630303d2bcddc5c14ec19433e53b940,wordpress/wp-content/plugins/appleklinika-inventory/assets/demo/iphone-13-pro-2.jpg,2315424aeb079e8783818bdce9b9f4e35502264b
de224e591630303d2bcddc5c14ec19433e53b940,wordpress/wp-content/plugins/appleklinika-inventory/assets/demo/iphone-13-pro-3.jpg,9cb7d8218523dd1fd93fc0251a22fe63c751c205
a2832d6f0b0dd3666e7e9b0106195554eb631520,wordpress/wp-content/plugins/appleklinika-inventory/assets/demo/iphone-13-pro-1.jpg,456adb89d52b08e9cf940e5fc8eecf708e4ba376
a2832d6f0b0dd3666e7e9b0106195554eb631520,wordpress/wp-content/plugins/appleklinika-inventory/assets/demo/iphone-13-pro-2.jpg,2315424aeb079e8783818bdce9b9f4e35502264b
a2832d6f0b0dd3666e7e9b0106195554eb631520,wordpress/wp-content/plugins/appleklinika-inventory/assets/demo/iphone-13-pro-3.jpg,9cb7d8218523dd1fd93fc0251a22fe63c751c205
fc931e59076179a023b41e9c9f3c2976d6df6bc4,wordpress/wp-content/plugins/appleklinika-inventory/assets/demo/iphone-13-pro-1.jpg,456adb89d52b08e9cf940e5fc8eecf708e4ba376
fc931e59076179a023b41e9c9f3c2976d6df6bc4,wordpress/wp-content/plugins/appleklinika-inventory/assets/demo/iphone-13-pro-2.jpg,2315424aeb079e8783818bdce9b9f4e35502264b
fc931e59076179a023b41e9c9f3c2976d6df6bc4,wordpress/wp-content/plugins/appleklinika-inventory/assets/demo/iphone-13-pro-3.jpg,9cb7d8218523dd1fd93fc0251a22fe63c751c205
e9498743224e5b7377af06710b5196b9f57c00be,wordpress/wp-content/plugins/appleklinika-inventory/assets/demo/iphone-13-pro-1.jpg,456adb89d52b08e9cf940e5fc8eecf708e4ba376
e9498743224e5b7377af06710b5196b9f57c00be,wordpress/wp-content/plugins/appleklinika-inventory/assets/demo/iphone-13-pro-2.jpg,2315424aeb079e8783818bdce9b9f4e35502264b
e9498743224e5b7377af06710b5196b9f57c00be,wordpress/wp-content/plugins/appleklinika-inventory/assets/demo/iphone-13-pro-3.jpg,9cb7d8218523dd1fd93fc0251a22fe63c751c205
48daca939362c00072bd815c6832ddaf9e6003cb,wordpress/wp-content/plugins/appleklinika-inventory/assets/demo/iphone-13-pro-1.jpg,456adb89d52b08e9cf940e5fc8eecf708e4ba376
48daca939362c00072bd815c6832ddaf9e6003cb,wordpress/wp-content/plugins/appleklinika-inventory/assets/demo/iphone-13-pro-2.jpg,2315424aeb079e8783818bdce9b9f4e35502264b
48daca939362c00072bd815c6832ddaf9e6003cb,wordpress/wp-content/plugins/appleklinika-inventory/assets/demo/iphone-13-pro-3.jpg,9cb7d8218523dd1fd93fc0251a22fe63c751c205
8c71f4a7685bac1e84b60ece2b498a260bb9cf88,wordpress/wp-content/plugins/appleklinika-inventory/assets/demo/iphone-13-pro-1.jpg,456adb89d52b08e9cf940e5fc8eecf708e4ba376
8c71f4a7685bac1e84b60ece2b498a260bb9cf88,wordpress/wp-content/plugins/appleklinika-inventory/assets/demo/iphone-13-pro-2.jpg,2315424aeb079e8783818bdce9b9f4e35502264b
8c71f4a7685bac1e84b60ece2b498a260bb9cf88,wordpress/wp-content/plugins/appleklinika-inventory/assets/demo/iphone-13-pro-3.jpg,9cb7d8218523dd1fd93fc0251a22fe63c751c205
29ea2f1d589c4f88d123c8e3283fcdfa4db072f8,wordpress/wp-content/plugins/appleklinika-inventory/assets/demo/iphone-13-pro-1.jpg,456adb89d52b08e9cf940e5fc8eecf708e4ba376
29ea2f1d589c4f88d123c8e3283fcdfa4db072f8,wordpress/wp-content/plugins/appleklinika-inventory/assets/demo/iphone-13-pro-2.jpg,2315424aeb079e8783818bdce9b9f4e35502264b
29ea2f1d589c4f88d123c8e3283fcdfa4db072f8,wordpress/wp-content/plugins/appleklinika-inventory/assets/demo/iphone-13-pro-3.jpg,9cb7d8218523dd1fd93fc0251a22fe63c751c205
1cc6316755e450ffc6ebe2d726ba00a9f99aab45,wordpress/wp-content/plugins/appleklinika-inventory/assets/demo/iphone-13-pro-1.jpg,456adb89d52b08e9cf940e5fc8eecf708e4ba376
1cc6316755e450ffc6ebe2d726ba00a9f99aab45,wordpress/wp-content/plugins/appleklinika-inventory/assets/demo/iphone-13-pro-2.jpg,2315424aeb079e8783818bdce9b9f4e35502264b
1cc6316755e450ffc6ebe2d726ba00a9f99aab45,wordpress/wp-content/plugins/appleklinika-inventory/assets/demo/iphone-13-pro-3.jpg,9cb7d8218523dd1fd93fc0251a22fe63c751c205
94cbbaa2b1fd7a4c1c5be4b6484c390a6ba43038,wordpress/wp-content/plugins/appleklinika-inventory/assets/demo/iphone-13-pro-1.jpg,456adb89d52b08e9cf940e5fc8eecf708e4ba376
94cbbaa2b1fd7a4c1c5be4b6484c390a6ba43038,wordpress/wp-content/plugins/appleklinika-inventory/assets/demo/iphone-13-pro-2.jpg,2315424aeb079e8783818bdce9b9f4e35502264b
94cbbaa2b1fd7a4c1c5be4b6484c390a6ba43038,wordpress/wp-content/plugins/appleklinika-inventory/assets/demo/iphone-13-pro-3.jpg,9cb7d8218523dd1fd93fc0251a22fe63c751c205
ab27b41e9f38a6a08cf60b2f5893e49b91fb9d5b,wordpress/wp-content/plugins/appleklinika-inventory/assets/demo/iphone-13-pro-1.jpg,456adb89d52b08e9cf940e5fc8eecf708e4ba376
ab27b41e9f38a6a08cf60b2f5893e49b91fb9d5b,wordpress/wp-content/plugins/appleklinika-inventory/assets/demo/iphone-13-pro-2.jpg,2315424aeb079e8783818bdce9b9f4e35502264b
ab27b41e9f38a6a08cf60b2f5893e49b91fb9d5b,wordpress/wp-content/plugins/appleklinika-inventory/assets/demo/iphone-13-pro-3.jpg,9cb7d8218523dd1fd93fc0251a22fe63c751c205
4e12468c9f3fb3b3663ece65876e77919e1b86a3,wordpress/wp-content/plugins/appleklinika-inventory/assets/demo/iphone-13-pro-1.jpg,456adb89d52b08e9cf940e5fc8eecf708e4ba376
4e12468c9f3fb3b3663ece65876e77919e1b86a3,wordpress/wp-content/plugins/appleklinika-inventory/assets/demo/iphone-13-pro-2.jpg,2315424aeb079e8783818bdce9b9f4e35502264b
4e12468c9f3fb3b3663ece65876e77919e1b86a3,wordpress/wp-content/plugins/appleklinika-inventory/assets/demo/iphone-13-pro-3.jpg,9cb7d8218523dd1fd93fc0251a22fe63c751c205
8e460736be5bca7118de8123f20fd744559e3999,wordpress/wp-content/plugins/appleklinika-inventory/assets/demo/iphone-13-pro-1.jpg,456adb89d52b08e9cf940e5fc8eecf708e4ba376
8e460736be5bca7118de8123f20fd744559e3999,wordpress/wp-content/plugins/appleklinika-inventory/assets/demo/iphone-13-pro-2.jpg,2315424aeb079e8783818bdce9b9f4e35502264b
8e460736be5bca7118de8123f20fd744559e3999,wordpress/wp-content/plugins/appleklinika-inventory/assets/demo/iphone-13-pro-3.jpg,9cb7d8218523dd1fd93fc0251a22fe63c751c205
fb77c0c93c31fd09379c4ff758da3c69395e6f96,wordpress/wp-content/plugins/appleklinika-inventory/assets/demo/iphone-13-pro-1.jpg,456adb89d52b08e9cf940e5fc8eecf708e4ba376
fb77c0c93c31fd09379c4ff758da3c69395e6f96,wordpress/wp-content/plugins/appleklinika-inventory/assets/demo/iphone-13-pro-2.jpg,2315424aeb079e8783818bdce9b9f4e35502264b
fb77c0c93c31fd09379c4ff758da3c69395e6f96,wordpress/wp-content/plugins/appleklinika-inventory/assets/demo/iphone-13-pro-3.jpg,9cb7d8218523dd1fd93fc0251a22fe63c751c205
813f9e8fcbcdcddd275badd1ebbacc3a199cbbc0,wordpress/wp-content/plugins/appleklinika-inventory/assets/demo/iphone-13-pro-1.jpg,456adb89d52b08e9cf940e5fc8eecf708e4ba376
813f9e8fcbcdcddd275badd1ebbacc3a199cbbc0,wordpress/wp-content/plugins/appleklinika-inventory/assets/demo/iphone-13-pro-2.jpg,2315424aeb079e8783818bdce9b9f4e35502264b
813f9e8fcbcdcddd275badd1ebbacc3a199cbbc0,wordpress/wp-content/plugins/appleklinika-inventory/assets/demo/iphone-13-pro-3.jpg,9cb7d8218523dd1fd93fc0251a22fe63c751c205
e35583004912e96a80ec6263867ee4517778180c,wordpress/wp-content/plugins/appleklinika-inventory/assets/demo/iphone-13-pro-1.jpg,456adb89d52b08e9cf940e5fc8eecf708e4ba376
e35583004912e96a80ec6263867ee4517778180c,wordpress/wp-content/plugins/appleklinika-inventory/assets/demo/iphone-13-pro-2.jpg,2315424aeb079e8783818bdce9b9f4e35502264b
e35583004912e96a80ec6263867ee4517778180c,wordpress/wp-content/plugins/appleklinika-inventory/assets/demo/iphone-13-pro-3.jpg,9cb7d8218523dd1fd93fc0251a22fe63c751c205
43bff6a749b0570fa2dfd98c47892b612cdafbbb,wordpress/wp-content/plugins/appleklinika-inventory/assets/demo/iphone-13-pro-1.jpg,456adb89d52b08e9cf940e5fc8eecf708e4ba376
43bff6a749b0570fa2dfd98c47892b612cdafbbb,wordpress/wp-content/plugins/appleklinika-inventory/assets/demo/iphone-13-pro-2.jpg,2315424aeb079e8783818bdce9b9f4e35502264b
43bff6a749b0570fa2dfd98c47892b612cdafbbb,wordpress/wp-content/plugins/appleklinika-inventory/assets/demo/iphone-13-pro-3.jpg,9cb7d8218523dd1fd93fc0251a22fe63c751c205
1a6bf85ac234f9c9fc305f250a61e47c7b87bd3a,wordpress/wp-content/plugins/appleklinika-inventory/assets/demo/iphone-13-pro-1.jpg,456adb89d52b08e9cf940e5fc8eecf708e4ba376
1a6bf85ac234f9c9fc305f250a61e47c7b87bd3a,wordpress/wp-content/plugins/appleklinika-inventory/assets/demo/iphone-13-pro-2.jpg,2315424aeb079e8783818bdce9b9f4e35502264b
1a6bf85ac234f9c9fc305f250a61e47c7b87bd3a,wordpress/wp-content/plugins/appleklinika-inventory/assets/demo/iphone-13-pro-3.jpg,9cb7d8218523dd1fd93fc0251a22fe63c751c205
fea5338eb03b554318df653be6738c3eeb81426b,wordpress/wp-content/plugins/appleklinika-inventory/assets/demo/iphone-13-pro-1.jpg,456adb89d52b08e9cf940e5fc8eecf708e4ba376
fea5338eb03b554318df653be6738c3eeb81426b,wordpress/wp-content/plugins/appleklinika-inventory/assets/demo/iphone-13-pro-2.jpg,2315424aeb079e8783818bdce9b9f4e35502264b
fea5338eb03b554318df653be6738c3eeb81426b,wordpress/wp-content/plugins/appleklinika-inventory/assets/demo/iphone-13-pro-3.jpg,9cb7d8218523dd1fd93fc0251a22fe63c751c205
6e2e69774637f6fc16ad8993efdb589801113df6,wordpress/wp-content/plugins/appleklinika-inventory/assets/demo/iphone-13-pro-1.jpg,456adb89d52b08e9cf940e5fc8eecf708e4ba376
6e2e69774637f6fc16ad8993efdb589801113df6,wordpress/wp-content/plugins/appleklinika-inventory/assets/demo/iphone-13-pro-2.jpg,2315424aeb079e8783818bdce9b9f4e35502264b
6e2e69774637f6fc16ad8993efdb589801113df6,wordpress/wp-content/plugins/appleklinika-inventory/assets/demo/iphone-13-pro-3.jpg,9cb7d8218523dd1fd93fc0251a22fe63c751c205
362978aeb51e212e4f3e407c778e22991135ab9c,wordpress/wp-content/plugins/appleklinika-inventory/assets/demo/iphone-13-pro-1.jpg,456adb89d52b08e9cf940e5fc8eecf708e4ba376
362978aeb51e212e4f3e407c778e22991135ab9c,wordpress/wp-content/plugins/appleklinika-inventory/assets/demo/iphone-13-pro-2.jpg,2315424aeb079e8783818bdce9b9f4e35502264b
362978aeb51e212e4f3e407c778e22991135ab9c,wordpress/wp-content/plugins/appleklinika-inventory/assets/demo/iphone-13-pro-3.jpg,9cb7d8218523dd1fd93fc0251a22fe63c751c205
324b6c30082a7150bf14763361d0acf752e8204b,wordpress/wp-content/plugins/appleklinika-inventory/assets/demo/iphone-13-pro-1.jpg,456adb89d52b08e9cf940e5fc8eecf708e4ba376
324b6c30082a7150bf14763361d0acf752e8204b,wordpress/wp-content/plugins/appleklinika-inventory/assets/demo/iphone-13-pro-2.jpg,2315424aeb079e8783818bdce9b9f4e35502264b
324b6c30082a7150bf14763361d0acf752e8204b,wordpress/wp-content/plugins/appleklinika-inventory/assets/demo/iphone-13-pro-3.jpg,9cb7d8218523dd1fd93fc0251a22fe63c751c205
473493776aed5a54da8ce1daaa7da8731166fa7f,wordpress/wp-content/plugins/appleklinika-inventory/assets/demo/iphone-13-pro-1.jpg,456adb89d52b08e9cf940e5fc8eecf708e4ba376
473493776aed5a54da8ce1daaa7da8731166fa7f,wordpress/wp-content/plugins/appleklinika-inventory/assets/demo/iphone-13-pro-2.jpg,2315424aeb079e8783818bdce9b9f4e35502264b
473493776aed5a54da8ce1daaa7da8731166fa7f,wordpress/wp-content/plugins/appleklinika-inventory/assets/demo/iphone-13-pro-3.jpg,9cb7d8218523dd1fd93fc0251a22fe63c751c205
574ad00bf739e1ac34e689d06350ad94513d4c9b,wordpress/wp-content/plugins/appleklinika-inventory/assets/demo/iphone-13-pro-1.jpg,456adb89d52b08e9cf940e5fc8eecf708e4ba376
574ad00bf739e1ac34e689d06350ad94513d4c9b,wordpress/wp-content/plugins/appleklinika-inventory/assets/demo/iphone-13-pro-2.jpg,2315424aeb079e8783818bdce9b9f4e35502264b
574ad00bf739e1ac34e689d06350ad94513d4c9b,wordpress/wp-content/plugins/appleklinika-inventory/assets/demo/iphone-13-pro-3.jpg,9cb7d8218523dd1fd93fc0251a22fe63c751c205
1ba28457c93bc2a5abc61867f8b44cd0cfd4df71,wordpress/wp-content/plugins/appleklinika-inventory/assets/demo/iphone-13-pro-1.jpg,456adb89d52b08e9cf940e5fc8eecf708e4ba376
1ba28457c93bc2a5abc61867f8b44cd0cfd4df71,wordpress/wp-content/plugins/appleklinika-inventory/assets/demo/iphone-13-pro-2.jpg,2315424aeb079e8783818bdce9b9f4e35502264b
1ba28457c93bc2a5abc61867f8b44cd0cfd4df71,wordpress/wp-content/plugins/appleklinika-inventory/assets/demo/iphone-13-pro-3.jpg,9cb7d8218523dd1fd93fc0251a22fe63c751c205
cd8c6de8192ef0b0bf012c11846f53206f6aadd4,wordpress/wp-content/plugins/appleklinika-inventory/assets/demo/iphone-13-pro-1.jpg,456adb89d52b08e9cf940e5fc8eecf708e4ba376
cd8c6de8192ef0b0bf012c11846f53206f6aadd4,wordpress/wp-content/plugins/appleklinika-inventory/assets/demo/iphone-13-pro-2.jpg,2315424aeb079e8783818bdce9b9f4e35502264b
cd8c6de8192ef0b0bf012c11846f53206f6aadd4,wordpress/wp-content/plugins/appleklinika-inventory/assets/demo/iphone-13-pro-3.jpg,9cb7d8218523dd1fd93fc0251a22fe63c751c205
11168c327f21b5925d03bd7f9e15ef9b21ffa1d8,wordpress/wp-content/plugins/appleklinika-inventory/assets/demo/iphone-13-pro-1.jpg,456adb89d52b08e9cf940e5fc8eecf708e4ba376
11168c327f21b5925d03bd7f9e15ef9b21ffa1d8,wordpress/wp-content/plugins/appleklinika-inventory/assets/demo/iphone-13-pro-2.jpg,2315424aeb079e8783818bdce9b9f4e35502264b
11168c327f21b5925d03bd7f9e15ef9b21ffa1d8,wordpress/wp-content/plugins/appleklinika-inventory/assets/demo/iphone-13-pro-3.jpg,9cb7d8218523dd1fd93fc0251a22fe63c751c205
e19a371b3e5332cbe264482a7e090f0b2570ed4b,wordpress/wp-content/plugins/appleklinika-inventory/assets/demo/iphone-13-pro-1.jpg,456adb89d52b08e9cf940e5fc8eecf708e4ba376
e19a371b3e5332cbe264482a7e090f0b2570ed4b,wordpress/wp-content/plugins/appleklinika-inventory/assets/demo/iphone-13-pro-2.jpg,2315424aeb079e8783818bdce9b9f4e35502264b
e19a371b3e5332cbe264482a7e090f0b2570ed4b,wordpress/wp-content/plugins/appleklinika-inventory/assets/demo/iphone-13-pro-3.jpg,9cb7d8218523dd1fd93fc0251a22fe63c751c205
b15ab6dcec810d401ec882d4ca013ab075a16ab1,wordpress/wp-content/plugins/appleklinika-inventory/assets/demo/iphone-13-pro-1.jpg,456adb89d52b08e9cf940e5fc8eecf708e4ba376
b15ab6dcec810d401ec882d4ca013ab075a16ab1,wordpress/wp-content/plugins/appleklinika-inventory/assets/demo/iphone-13-pro-2.jpg,2315424aeb079e8783818bdce9b9f4e35502264b
b15ab6dcec810d401ec882d4ca013ab075a16ab1,wordpress/wp-content/plugins/appleklinika-inventory/assets/demo/iphone-13-pro-3.jpg,9cb7d8218523dd1fd93fc0251a22fe63c751c205
e55a812b54b88ee61622135c87ab03f50998f701,wordpress/wp-content/plugins/appleklinika-inventory/assets/demo/iphone-13-pro-1.jpg,456adb89d52b08e9cf940e5fc8eecf708e4ba376
e55a812b54b88ee61622135c87ab03f50998f701,wordpress/wp-content/plugins/appleklinika-inventory/assets/demo/iphone-13-pro-2.jpg,2315424aeb079e8783818bdce9b9f4e35502264b
e55a812b54b88ee61622135c87ab03f50998f701,wordpress/wp-content/plugins/appleklinika-inventory/assets/demo/iphone-13-pro-3.jpg,9cb7d8218523dd1fd93fc0251a22fe63c751c205
758ae854491a11554f146fb7bd460c14882962ec,wordpress/wp-content/plugins/appleklinika-inventory/assets/demo/iphone-13-pro-1.jpg,456adb89d52b08e9cf940e5fc8eecf708e4ba376
758ae854491a11554f146fb7bd460c14882962ec,wordpress/wp-content/plugins/appleklinika-inventory/assets/demo/iphone-13-pro-2.jpg,2315424aeb079e8783818bdce9b9f4e35502264b
758ae854491a11554f146fb7bd460c14882962ec,wordpress/wp-content/plugins/appleklinika-inventory/assets/demo/iphone-13-pro-3.jpg,9cb7d8218523dd1fd93fc0251a22fe63c751c205
8ee02a68c28301f3edeb0436506d0697e98ae981,wordpress/wp-content/plugins/appleklinika-inventory/assets/demo/iphone-13-pro-1.jpg,456adb89d52b08e9cf940e5fc8eecf708e4ba376
8ee02a68c28301f3edeb0436506d0697e98ae981,wordpress/wp-content/plugins/appleklinika-inventory/assets/demo/iphone-13-pro-2.jpg,2315424aeb079e8783818bdce9b9f4e35502264b
8ee02a68c28301f3edeb0436506d0697e98ae981,wordpress/wp-content/plugins/appleklinika-inventory/assets/demo/iphone-13-pro-3.jpg,9cb7d8218523dd1fd93fc0251a22fe63c751c205
68203f34ba10634f0b5f0e23b2859a2d35002722,wordpress/wp-content/plugins/appleklinika-inventory/assets/demo/iphone-13-pro-1.jpg,456adb89d52b08e9cf940e5fc8eecf708e4ba376
68203f34ba10634f0b5f0e23b2859a2d35002722,wordpress/wp-content/plugins/appleklinika-inventory/assets/demo/iphone-13-pro-2.jpg,2315424aeb079e8783818bdce9b9f4e35502264b
68203f34ba10634f0b5f0e23b2859a2d35002722,wordpress/wp-content/plugins/appleklinika-inventory/assets/demo/iphone-13-pro-3.jpg,9cb7d8218523dd1fd93fc0251a22fe63c751c205
527c8802e1b152c9ece83f52e578bde1f669315a,wordpress/wp-content/plugins/appleklinika-inventory/assets/demo/iphone-13-pro-1.jpg,456adb89d52b08e9cf940e5fc8eecf708e4ba376
527c8802e1b152c9ece83f52e578bde1f669315a,wordpress/wp-content/plugins/appleklinika-inventory/assets/demo/iphone-13-pro-2.jpg,2315424aeb079e8783818bdce9b9f4e35502264b
527c8802e1b152c9ece83f52e578bde1f669315a,wordpress/wp-content/plugins/appleklinika-inventory/assets/demo/iphone-13-pro-3.jpg,9cb7d8218523dd1fd93fc0251a22fe63c751c205
5a7d52f8b48dae81cffcf9b873213bcd241faa13,wordpress/wp-content/plugins/appleklinika-inventory/assets/demo/iphone-13-pro-1.jpg,456adb89d52b08e9cf940e5fc8eecf708e4ba376
5a7d52f8b48dae81cffcf9b873213bcd241faa13,wordpress/wp-content/plugins/appleklinika-inventory/assets/demo/iphone-13-pro-2.jpg,2315424aeb079e8783818bdce9b9f4e35502264b
5a7d52f8b48dae81cffcf9b873213bcd241faa13,wordpress/wp-content/plugins/appleklinika-inventory/assets/demo/iphone-13-pro-3.jpg,9cb7d8218523dd1fd93fc0251a22fe63c751c205
ae55ff20ff147317582d3350139bd00e8ccc7ab8,wordpress/wp-content/plugins/appleklinika-inventory/assets/demo/iphone-13-pro-1.jpg,456adb89d52b08e9cf940e5fc8eecf708e4ba376
ae55ff20ff147317582d3350139bd00e8ccc7ab8,wordpress/wp-content/plugins/appleklinika-inventory/assets/demo/iphone-13-pro-2.jpg,2315424aeb079e8783818bdce9b9f4e35502264b
ae55ff20ff147317582d3350139bd00e8ccc7ab8,wordpress/wp-content/plugins/appleklinika-inventory/assets/demo/iphone-13-pro-3.jpg,9cb7d8218523dd1fd93fc0251a22fe63c751c205
59a7b7315a29e18ccc5ac594c26b95835672c367,wordpress/wp-content/plugins/appleklinika-inventory/assets/demo/iphone-13-pro-1.jpg,456adb89d52b08e9cf940e5fc8eecf708e4ba376
59a7b7315a29e18ccc5ac594c26b95835672c367,wordpress/wp-content/plugins/appleklinika-inventory/assets/demo/iphone-13-pro-2.jpg,2315424aeb079e8783818bdce9b9f4e35502264b
59a7b7315a29e18ccc5ac594c26b95835672c367,wordpress/wp-content/plugins/appleklinika-inventory/assets/demo/iphone-13-pro-3.jpg,9cb7d8218523dd1fd93fc0251a22fe63c751c205
f5fa42c0c37cedc0808f8272f906e835d885c37c,wordpress/wp-content/plugins/appleklinika-inventory/assets/demo/iphone-13-pro-1.jpg,456adb89d52b08e9cf940e5fc8eecf708e4ba376
f5fa42c0c37cedc0808f8272f906e835d885c37c,wordpress/wp-content/plugins/appleklinika-inventory/assets/demo/iphone-13-pro-2.jpg,2315424aeb079e8783818bdce9b9f4e35502264b
f5fa42c0c37cedc0808f8272f906e835d885c37c,wordpress/wp-content/plugins/appleklinika-inventory/assets/demo/iphone-13-pro-3.jpg,9cb7d8218523dd1fd93fc0251a22fe63c751c205
d7560773556de03cb1d448aa3f3ae0f9a3a27eb1,wordpress/wp-content/plugins/appleklinika-inventory/assets/demo/iphone-13-pro-1.jpg,456adb89d52b08e9cf940e5fc8eecf708e4ba376
d7560773556de03cb1d448aa3f3ae0f9a3a27eb1,wordpress/wp-content/plugins/appleklinika-inventory/assets/demo/iphone-13-pro-2.jpg,2315424aeb079e8783818bdce9b9f4e35502264b
d7560773556de03cb1d448aa3f3ae0f9a3a27eb1,wordpress/wp-content/plugins/appleklinika-inventory/assets/demo/iphone-13-pro-3.jpg,9cb7d8218523dd1fd93fc0251a22fe63c751c205
1271e3234a219a7d7456b727aba04ad6d3d23b13,wordpress/wp-content/plugins/appleklinika-inventory/assets/demo/iphone-13-pro-1.jpg,456adb89d52b08e9cf940e5fc8eecf708e4ba376
1271e3234a219a7d7456b727aba04ad6d3d23b13,wordpress/wp-content/plugins/appleklinika-inventory/assets/demo/iphone-13-pro-2.jpg,2315424aeb079e8783818bdce9b9f4e35502264b
1271e3234a219a7d7456b727aba04ad6d3d23b13,wordpress/wp-content/plugins/appleklinika-inventory/assets/demo/iphone-13-pro-3.jpg,9cb7d8218523dd1fd93fc0251a22fe63c751c205
a2bd71ae59492336c9f51aadebe29aa4f487a92b,wordpress/wp-content/plugins/appleklinika-inventory/assets/demo/iphone-13-pro-1.jpg,456adb89d52b08e9cf940e5fc8eecf708e4ba376
a2bd71ae59492336c9f51aadebe29aa4f487a92b,wordpress/wp-content/plugins/appleklinika-inventory/assets/demo/iphone-13-pro-2.jpg,2315424aeb079e8783818bdce9b9f4e35502264b
a2bd71ae59492336c9f51aadebe29aa4f487a92b,wordpress/wp-content/plugins/appleklinika-inventory/assets/demo/iphone-13-pro-3.jpg,9cb7d8218523dd1fd93fc0251a22fe63c751c205
fa3b777cc10412f173613bad18c9cf07e83a508d,wordpress/wp-content/plugins/appleklinika-inventory/assets/demo/iphone-13-pro-1.jpg,456adb89d52b08e9cf940e5fc8eecf708e4ba376
fa3b777cc10412f173613bad18c9cf07e83a508d,wordpress/wp-content/plugins/appleklinika-inventory/assets/demo/iphone-13-pro-2.jpg,2315424aeb079e8783818bdce9b9f4e35502264b
fa3b777cc10412f173613bad18c9cf07e83a508d,wordpress/wp-content/plugins/appleklinika-inventory/assets/demo/iphone-13-pro-3.jpg,9cb7d8218523dd1fd93fc0251a22fe63c751c205
77b73954c1875dffb47fef349adf19ecfa36eba6,wordpress/wp-content/plugins/appleklinika-inventory/assets/demo/iphone-13-pro-1.jpg,456adb89d52b08e9cf940e5fc8eecf708e4ba376
77b73954c1875dffb47fef349adf19ecfa36eba6,wordpress/wp-content/plugins/appleklinika-inventory/assets/demo/iphone-13-pro-2.jpg,2315424aeb079e8783818bdce9b9f4e35502264b
77b73954c1875dffb47fef349adf19ecfa36eba6,wordpress/wp-content/plugins/appleklinika-inventory/assets/demo/iphone-13-pro-3.jpg,9cb7d8218523dd1fd93fc0251a22fe63c751c205
a5d7b719674c39c631e685fd0752993898f44f61,wordpress/wp-content/plugins/appleklinika-inventory/assets/demo/iphone-13-pro-1.jpg,456adb89d52b08e9cf940e5fc8eecf708e4ba376
a5d7b719674c39c631e685fd0752993898f44f61,wordpress/wp-content/plugins/appleklinika-inventory/assets/demo/iphone-13-pro-2.jpg,2315424aeb079e8783818bdce9b9f4e35502264b
a5d7b719674c39c631e685fd0752993898f44f61,wordpress/wp-content/plugins/appleklinika-inventory/assets/demo/iphone-13-pro-3.jpg,9cb7d8218523dd1fd93fc0251a22fe63c751c205
1e01d16bb7a4ddd87849a8f3e51926bec394570d,wordpress/wp-content/plugins/appleklinika-inventory/assets/demo/iphone-13-pro-1.jpg,456adb89d52b08e9cf940e5fc8eecf708e4ba376
1e01d16bb7a4ddd87849a8f3e51926bec394570d,wordpress/wp-content/plugins/appleklinika-inventory/assets/demo/iphone-13-pro-2.jpg,2315424aeb079e8783818bdce9b9f4e35502264b
1e01d16bb7a4ddd87849a8f3e51926bec394570d,wordpress/wp-content/plugins/appleklinika-inventory/assets/demo/iphone-13-pro-3.jpg,9cb7d8218523dd1fd93fc0251a22fe63c751c205
9e0a43ee5c32d04f9dc2af702fe889217cbd1c93,wordpress/wp-content/plugins/appleklinika-inventory/assets/demo/iphone-13-pro-1.jpg,456adb89d52b08e9cf940e5fc8eecf708e4ba376
9e0a43ee5c32d04f9dc2af702fe889217cbd1c93,wordpress/wp-content/plugins/appleklinika-inventory/assets/demo/iphone-13-pro-2.jpg,2315424aeb079e8783818bdce9b9f4e35502264b
9e0a43ee5c32d04f9dc2af702fe889217cbd1c93,wordpress/wp-content/plugins/appleklinika-inventory/assets/demo/iphone-13-pro-3.jpg,9cb7d8218523dd1fd93fc0251a22fe63c751c205
d5af98997ef57f3ea38d478b5996b1a11a81be8d,wordpress/wp-content/plugins/appleklinika-inventory/assets/demo/iphone-13-pro-1.jpg,456adb89d52b08e9cf940e5fc8eecf708e4ba376
d5af98997ef57f3ea38d478b5996b1a11a81be8d,wordpress/wp-content/plugins/appleklinika-inventory/assets/demo/iphone-13-pro-2.jpg,2315424aeb079e8783818bdce9b9f4e35502264b
d5af98997ef57f3ea38d478b5996b1a11a81be8d,wordpress/wp-content/plugins/appleklinika-inventory/assets/demo/iphone-13-pro-3.jpg,9cb7d8218523dd1fd93fc0251a22fe63c751c205
5c488d8e4cea5cf18da74120bc21d6f641496ab4,wordpress/wp-content/plugins/appleklinika-inventory/assets/demo/iphone-13-pro-1.jpg,456adb89d52b08e9cf940e5fc8eecf708e4ba376
5c488d8e4cea5cf18da74120bc21d6f641496ab4,wordpress/wp-content/plugins/appleklinika-inventory/assets/demo/iphone-13-pro-2.jpg,2315424aeb079e8783818bdce9b9f4e35502264b
5c488d8e4cea5cf18da74120bc21d6f641496ab4,wordpress/wp-content/plugins/appleklinika-inventory/assets/demo/iphone-13-pro-3.jpg,9cb7d8218523dd1fd93fc0251a22fe63c751c205
4740cec3f03985aa9856a4522da90086d4375066,wordpress/wp-content/plugins/appleklinika-inventory/assets/demo/iphone-13-pro-1.jpg,456adb89d52b08e9cf940e5fc8eecf708e4ba376
4740cec3f03985aa9856a4522da90086d4375066,wordpress/wp-content/plugins/appleklinika-inventory/assets/demo/iphone-13-pro-2.jpg,2315424aeb079e8783818bdce9b9f4e35502264b
4740cec3f03985aa9856a4522da90086d4375066,wordpress/wp-content/plugins/appleklinika-inventory/assets/demo/iphone-13-pro-3.jpg,9cb7d8218523dd1fd93fc0251a22fe63c751c205
e75257269343b9cf16b94f22ff1d3a4f708a2dc5,wordpress/wp-content/plugins/appleklinika-inventory/assets/demo/iphone-13-pro-1.jpg,456adb89d52b08e9cf940e5fc8eecf708e4ba376
e75257269343b9cf16b94f22ff1d3a4f708a2dc5,wordpress/wp-content/plugins/appleklinika-inventory/assets/demo/iphone-13-pro-2.jpg,2315424aeb079e8783818bdce9b9f4e35502264b
e75257269343b9cf16b94f22ff1d3a4f708a2dc5,wordpress/wp-content/plugins/appleklinika-inventory/assets/demo/iphone-13-pro-3.jpg,9cb7d8218523dd1fd93fc0251a22fe63c751c205
175895a190a28bed6de2655109f7f11c9161cf92,wordpress/wp-content/plugins/appleklinika-inventory/assets/demo/iphone-13-pro-1.jpg,456adb89d52b08e9cf940e5fc8eecf708e4ba376
175895a190a28bed6de2655109f7f11c9161cf92,wordpress/wp-content/plugins/appleklinika-inventory/assets/demo/iphone-13-pro-2.jpg,2315424aeb079e8783818bdce9b9f4e35502264b
175895a190a28bed6de2655109f7f11c9161cf92,wordpress/wp-content/plugins/appleklinika-inventory/assets/demo/iphone-13-pro-3.jpg,9cb7d8218523dd1fd93fc0251a22fe63c751c205
5b834b1dd1de335567f6b84edef166759185c55f,wordpress/wp-content/plugins/appleklinika-inventory/assets/demo/iphone-13-pro-1.jpg,456adb89d52b08e9cf940e5fc8eecf708e4ba376
5b834b1dd1de335567f6b84edef166759185c55f,wordpress/wp-content/plugins/appleklinika-inventory/assets/demo/iphone-13-pro-2.jpg,2315424aeb079e8783818bdce9b9f4e35502264b
5b834b1dd1de335567f6b84edef166759185c55f,wordpress/wp-content/plugins/appleklinika-inventory/assets/demo/iphone-13-pro-3.jpg,9cb7d8218523dd1fd93fc0251a22fe63c751c205
88eca5483a0d183159d6dcb6d2b24956bc8a493a,wordpress/wp-content/plugins/appleklinika-inventory/assets/demo/iphone-13-pro-1.jpg,456adb89d52b08e9cf940e5fc8eecf708e4ba376
88eca5483a0d183159d6dcb6d2b24956bc8a493a,wordpress/wp-content/plugins/appleklinika-inventory/assets/demo/iphone-13-pro-2.jpg,2315424aeb079e8783818bdce9b9f4e35502264b
88eca5483a0d183159d6dcb6d2b24956bc8a493a,wordpress/wp-content/plugins/appleklinika-inventory/assets/demo/iphone-13-pro-3.jpg,9cb7d8218523dd1fd93fc0251a22fe63c751c205
be5454b78f41cd9a649070aa554f3a2ff382ec7e,wordpress/wp-content/plugins/appleklinika-inventory/assets/demo/iphone-13-pro-1.jpg,456adb89d52b08e9cf940e5fc8eecf708e4ba376
be5454b78f41cd9a649070aa554f3a2ff382ec7e,wordpress/wp-content/plugins/appleklinika-inventory/assets/demo/iphone-13-pro-2.jpg,2315424aeb079e8783818bdce9b9f4e35502264b
be5454b78f41cd9a649070aa554f3a2ff382ec7e,wordpress/wp-content/plugins/appleklinika-inventory/assets/demo/iphone-13-pro-3.jpg,9cb7d8218523dd1fd93fc0251a22fe63c751c205
1bd8081ddc0c1a77f9dc715f17cd191a58e662e4,wordpress/wp-content/plugins/appleklinika-inventory/assets/demo/iphone-13-pro-1.jpg,456adb89d52b08e9cf940e5fc8eecf708e4ba376
1bd8081ddc0c1a77f9dc715f17cd191a58e662e4,wordpress/wp-content/plugins/appleklinika-inventory/assets/demo/iphone-13-pro-2.jpg,2315424aeb079e8783818bdce9b9f4e35502264b
1bd8081ddc0c1a77f9dc715f17cd191a58e662e4,wordpress/wp-content/plugins/appleklinika-inventory/assets/demo/iphone-13-pro-3.jpg,9cb7d8218523dd1fd93fc0251a22fe63c751c205
70aae67561555ef235d499bc47c7ef9e61fe23da,wordpress/wp-content/plugins/appleklinika-inventory/assets/demo/iphone-13-pro-1.jpg,456adb89d52b08e9cf940e5fc8eecf708e4ba376
70aae67561555ef235d499bc47c7ef9e61fe23da,wordpress/wp-content/plugins/appleklinika-inventory/assets/demo/iphone-13-pro-2.jpg,2315424aeb079e8783818bdce9b9f4e35502264b
70aae67561555ef235d499bc47c7ef9e61fe23da,wordpress/wp-content/plugins/appleklinika-inventory/assets/demo/iphone-13-pro-3.jpg,9cb7d8218523dd1fd93fc0251a22fe63c751c205
2775d19f4665de2c91168a955b2198da17d48dae,wordpress/wp-content/plugins/appleklinika-inventory/assets/demo/iphone-13-pro-1.jpg,456adb89d52b08e9cf940e5fc8eecf708e4ba376
2775d19f4665de2c91168a955b2198da17d48dae,wordpress/wp-content/plugins/appleklinika-inventory/assets/demo/iphone-13-pro-2.jpg,2315424aeb079e8783818bdce9b9f4e35502264b
2775d19f4665de2c91168a955b2198da17d48dae,wordpress/wp-content/plugins/appleklinika-inventory/assets/demo/iphone-13-pro-3.jpg,9cb7d8218523dd1fd93fc0251a22fe63c751c205
cab60f358a93cfd12469c013d34debeb81ec4c63,wordpress/wp-content/plugins/appleklinika-inventory/assets/demo/iphone-13-pro-1.jpg,456adb89d52b08e9cf940e5fc8eecf708e4ba376
cab60f358a93cfd12469c013d34debeb81ec4c63,wordpress/wp-content/plugins/appleklinika-inventory/assets/demo/iphone-13-pro-2.jpg,2315424aeb079e8783818bdce9b9f4e35502264b
cab60f358a93cfd12469c013d34debeb81ec4c63,wordpress/wp-content/plugins/appleklinika-inventory/assets/demo/iphone-13-pro-3.jpg,9cb7d8218523dd1fd93fc0251a22fe63c751c205
18fd8404ed39f1b88aee4b36046bb1ca2cf40a7d,wordpress/wp-content/plugins/appleklinika-inventory/assets/demo/iphone-13-pro-1.jpg,456adb89d52b08e9cf940e5fc8eecf708e4ba376
18fd8404ed39f1b88aee4b36046bb1ca2cf40a7d,wordpress/wp-content/plugins/appleklinika-inventory/assets/demo/iphone-13-pro-2.jpg,2315424aeb079e8783818bdce9b9f4e35502264b
18fd8404ed39f1b88aee4b36046bb1ca2cf40a7d,wordpress/wp-content/plugins/appleklinika-inventory/assets/demo/iphone-13-pro-3.jpg,9cb7d8218523dd1fd93fc0251a22fe63c751c205
64d38c19a2ec869f9b22c4192ce336341bb43969,wordpress/wp-content/plugins/appleklinika-inventory/assets/demo/iphone-13-pro-1.jpg,456adb89d52b08e9cf940e5fc8eecf708e4ba376
64d38c19a2ec869f9b22c4192ce336341bb43969,wordpress/wp-content/plugins/appleklinika-inventory/assets/demo/iphone-13-pro-2.jpg,2315424aeb079e8783818bdce9b9f4e35502264b
64d38c19a2ec869f9b22c4192ce336341bb43969,wordpress/wp-content/plugins/appleklinika-inventory/assets/demo/iphone-13-pro-3.jpg,9cb7d8218523dd1fd93fc0251a22fe63c751c205
5769f0acb7be78b2c2d10dd4dffb1c3c5fa8ebea,wordpress/wp-content/plugins/appleklinika-inventory/assets/demo/iphone-13-pro-1.jpg,456adb89d52b08e9cf940e5fc8eecf708e4ba376
5769f0acb7be78b2c2d10dd4dffb1c3c5fa8ebea,wordpress/wp-content/plugins/appleklinika-inventory/assets/demo/iphone-13-pro-2.jpg,2315424aeb079e8783818bdce9b9f4e35502264b
5769f0acb7be78b2c2d10dd4dffb1c3c5fa8ebea,wordpress/wp-content/plugins/appleklinika-inventory/assets/demo/iphone-13-pro-3.jpg,9cb7d8218523dd1fd93fc0251a22fe63c751c205
6c2a271feec9f251b95321ec51f563372bde08e2,wordpress/wp-content/plugins/appleklinika-inventory/assets/demo/iphone-13-pro-1.jpg,456adb89d52b08e9cf940e5fc8eecf708e4ba376
6c2a271feec9f251b95321ec51f563372bde08e2,wordpress/wp-content/plugins/appleklinika-inventory/assets/demo/iphone-13-pro-2.jpg,2315424aeb079e8783818bdce9b9f4e35502264b
6c2a271feec9f251b95321ec51f563372bde08e2,wordpress/wp-content/plugins/appleklinika-inventory/assets/demo/iphone-13-pro-3.jpg,9cb7d8218523dd1fd93fc0251a22fe63c751c205
f67cea41f602b40b59146f0803cae888707dddac,wordpress/wp-content/plugins/appleklinika-inventory/assets/demo/iphone-13-pro-1.jpg,456adb89d52b08e9cf940e5fc8eecf708e4ba376
f67cea41f602b40b59146f0803cae888707dddac,wordpress/wp-content/plugins/appleklinika-inventory/assets/demo/iphone-13-pro-2.jpg,2315424aeb079e8783818bdce9b9f4e35502264b
f67cea41f602b40b59146f0803cae888707dddac,wordpress/wp-content/plugins/appleklinika-inventory/assets/demo/iphone-13-pro-3.jpg,9cb7d8218523dd1fd93fc0251a22fe63c751c205
92a2c5636200fbe7a39eb3cccf217c95084c1918,wordpress/wp-content/plugins/appleklinika-inventory/assets/demo/iphone-13-pro-1.jpg,456adb89d52b08e9cf940e5fc8eecf708e4ba376
92a2c5636200fbe7a39eb3cccf217c95084c1918,wordpress/wp-content/plugins/appleklinika-inventory/assets/demo/iphone-13-pro-2.jpg,2315424aeb079e8783818bdce9b9f4e35502264b
92a2c5636200fbe7a39eb3cccf217c95084c1918,wordpress/wp-content/plugins/appleklinika-inventory/assets/demo/iphone-13-pro-3.jpg,9cb7d8218523dd1fd93fc0251a22fe63c751c205
df7d4548cd9df53657b0a9c099d9c9cc3fa7405a,wordpress/wp-content/plugins/appleklinika-inventory/assets/demo/iphone-13-pro-1.jpg,456adb89d52b08e9cf940e5fc8eecf708e4ba376
df7d4548cd9df53657b0a9c099d9c9cc3fa7405a,wordpress/wp-content/plugins/appleklinika-inventory/assets/demo/iphone-13-pro-2.jpg,2315424aeb079e8783818bdce9b9f4e35502264b
df7d4548cd9df53657b0a9c099d9c9cc3fa7405a,wordpress/wp-content/plugins/appleklinika-inventory/assets/demo/iphone-13-pro-3.jpg,9cb7d8218523dd1fd93fc0251a22fe63c751c205
d18eb13f1663dcad660dc22e65ea046aad6c2092,wordpress/wp-content/plugins/appleklinika-inventory/assets/demo/iphone-13-pro-1.jpg,456adb89d52b08e9cf940e5fc8eecf708e4ba376
d18eb13f1663dcad660dc22e65ea046aad6c2092,wordpress/wp-content/plugins/appleklinika-inventory/assets/demo/iphone-13-pro-2.jpg,2315424aeb079e8783818bdce9b9f4e35502264b
d18eb13f1663dcad660dc22e65ea046aad6c2092,wordpress/wp-content/plugins/appleklinika-inventory/assets/demo/iphone-13-pro-3.jpg,9cb7d8218523dd1fd93fc0251a22fe63c751c205
86288ba9ebfc1b7bd7f81fb3fb3f3ffdee6635ec,wordpress/wp-content/plugins/appleklinika-inventory/assets/demo/iphone-13-pro-1.jpg,456adb89d52b08e9cf940e5fc8eecf708e4ba376
86288ba9ebfc1b7bd7f81fb3fb3f3ffdee6635ec,wordpress/wp-content/plugins/appleklinika-inventory/assets/demo/iphone-13-pro-2.jpg,2315424aeb079e8783818bdce9b9f4e35502264b
86288ba9ebfc1b7bd7f81fb3fb3f3ffdee6635ec,wordpress/wp-content/plugins/appleklinika-inventory/assets/demo/iphone-13-pro-3.jpg,9cb7d8218523dd1fd93fc0251a22fe63c751c205
c75794e07d41877ad91ea2e743436af74905ec6d,wordpress/wp-content/plugins/appleklinika-inventory/assets/demo/iphone-13-pro-1.jpg,456adb89d52b08e9cf940e5fc8eecf708e4ba376
c75794e07d41877ad91ea2e743436af74905ec6d,wordpress/wp-content/plugins/appleklinika-inventory/assets/demo/iphone-13-pro-2.jpg,2315424aeb079e8783818bdce9b9f4e35502264b
c75794e07d41877ad91ea2e743436af74905ec6d,wordpress/wp-content/plugins/appleklinika-inventory/assets/demo/iphone-13-pro-3.jpg,9cb7d8218523dd1fd93fc0251a22fe63c751c205
77346a1ef6d386b471abd2f4662d9d02a62cd11a,wordpress/wp-content/plugins/appleklinika-inventory/assets/demo/iphone-13-pro-1.jpg,456adb89d52b08e9cf940e5fc8eecf708e4ba376
77346a1ef6d386b471abd2f4662d9d02a62cd11a,wordpress/wp-content/plugins/appleklinika-inventory/assets/demo/iphone-13-pro-2.jpg,2315424aeb079e8783818bdce9b9f4e35502264b
77346a1ef6d386b471abd2f4662d9d02a62cd11a,wordpress/wp-content/plugins/appleklinika-inventory/assets/demo/iphone-13-pro-3.jpg,9cb7d8218523dd1fd93fc0251a22fe63c751c205
caf0d7ac8d0db7a974d84691a49444fa852250c4,wordpress/wp-content/plugins/appleklinika-inventory/assets/demo/iphone-13-pro-1.jpg,456adb89d52b08e9cf940e5fc8eecf708e4ba376
caf0d7ac8d0db7a974d84691a49444fa852250c4,wordpress/wp-content/plugins/appleklinika-inventory/assets/demo/iphone-13-pro-2.jpg,2315424aeb079e8783818bdce9b9f4e35502264b
caf0d7ac8d0db7a974d84691a49444fa852250c4,wordpress/wp-content/plugins/appleklinika-inventory/assets/demo/iphone-13-pro-3.jpg,9cb7d8218523dd1fd93fc0251a22fe63c751c205
3444e1b7bbfac5c4e974330abf8827ac58bc1b69,wordpress/wp-content/plugins/appleklinika-inventory/assets/demo/iphone-13-pro-1.jpg,456adb89d52b08e9cf940e5fc8eecf708e4ba376
3444e1b7bbfac5c4e974330abf8827ac58bc1b69,wordpress/wp-content/plugins/appleklinika-inventory/assets/demo/iphone-13-pro-2.jpg,2315424aeb079e8783818bdce9b9f4e35502264b
3444e1b7bbfac5c4e974330abf8827ac58bc1b69,wordpress/wp-content/plugins/appleklinika-inventory/assets/demo/iphone-13-pro-3.jpg,9cb7d8218523dd1fd93fc0251a22fe63c751c205
a7ab1e8325db4ecfcf7b789ecad609af1db81ea7,wordpress/wp-content/plugins/appleklinika-inventory/assets/demo/iphone-13-pro-1.jpg,456adb89d52b08e9cf940e5fc8eecf708e4ba376
a7ab1e8325db4ecfcf7b789ecad609af1db81ea7,wordpress/wp-content/plugins/appleklinika-inventory/assets/demo/iphone-13-pro-2.jpg,2315424aeb079e8783818bdce9b9f4e35502264b
a7ab1e8325db4ecfcf7b789ecad609af1db81ea7,wordpress/wp-content/plugins/appleklinika-inventory/assets/demo/iphone-13-pro-3.jpg,9cb7d8218523dd1fd93fc0251a22fe63c751c205
e4d31c600c5795ad5de002cc5ab210f201bbc372,wordpress/wp-content/plugins/appleklinika-inventory/assets/demo/iphone-13-pro-1.jpg,456adb89d52b08e9cf940e5fc8eecf708e4ba376
e4d31c600c5795ad5de002cc5ab210f201bbc372,wordpress/wp-content/plugins/appleklinika-inventory/assets/demo/iphone-13-pro-2.jpg,2315424aeb079e8783818bdce9b9f4e35502264b
e4d31c600c5795ad5de002cc5ab210f201bbc372,wordpress/wp-content/plugins/appleklinika-inventory/assets/demo/iphone-13-pro-3.jpg,9cb7d8218523dd1fd93fc0251a22fe63c751c205
1dda757846bbbd7f870027280fe8505e71f9e6ad,wordpress/wp-content/plugins/appleklinika-inventory/assets/demo/iphone-13-pro-1.jpg,456adb89d52b08e9cf940e5fc8eecf708e4ba376
1dda757846bbbd7f870027280fe8505e71f9e6ad,wordpress/wp-content/plugins/appleklinika-inventory/assets/demo/iphone-13-pro-2.jpg,2315424aeb079e8783818bdce9b9f4e35502264b
1dda757846bbbd7f870027280fe8505e71f9e6ad,wordpress/wp-content/plugins/appleklinika-inventory/assets/demo/iphone-13-pro-3.jpg,9cb7d8218523dd1fd93fc0251a22fe63c751c205
e2112e2d20d1fd7d7516643380da619875780481,wordpress/wp-content/plugins/appleklinika-inventory/assets/demo/iphone-13-pro-1.jpg,456adb89d52b08e9cf940e5fc8eecf708e4ba376
e2112e2d20d1fd7d7516643380da619875780481,wordpress/wp-content/plugins/appleklinika-inventory/assets/demo/iphone-13-pro-2.jpg,2315424aeb079e8783818bdce9b9f4e35502264b
e2112e2d20d1fd7d7516643380da619875780481,wordpress/wp-content/plugins/appleklinika-inventory/assets/demo/iphone-13-pro-3.jpg,9cb7d8218523dd1fd93fc0251a22fe63c751c205
44b93469017cfbe27f6d93678f0464b21ab13025,wordpress/wp-content/plugins/appleklinika-inventory/assets/demo/iphone-13-pro-1.jpg,456adb89d52b08e9cf940e5fc8eecf708e4ba376
44b93469017cfbe27f6d93678f0464b21ab13025,wordpress/wp-content/plugins/appleklinika-inventory/assets/demo/iphone-13-pro-2.jpg,2315424aeb079e8783818bdce9b9f4e35502264b
44b93469017cfbe27f6d93678f0464b21ab13025,wordpress/wp-content/plugins/appleklinika-inventory/assets/demo/iphone-13-pro-3.jpg,9cb7d8218523dd1fd93fc0251a22fe63c751c205
d06c435b7fd2ff934f4ce7c44a4d458a80ff3df7,wordpress/wp-content/plugins/appleklinika-inventory/assets/demo/iphone-13-pro-1.jpg,456adb89d52b08e9cf940e5fc8eecf708e4ba376
d06c435b7fd2ff934f4ce7c44a4d458a80ff3df7,wordpress/wp-content/plugins/appleklinika-inventory/assets/demo/iphone-13-pro-2.jpg,2315424aeb079e8783818bdce9b9f4e35502264b
d06c435b7fd2ff934f4ce7c44a4d458a80ff3df7,wordpress/wp-content/plugins/appleklinika-inventory/assets/demo/iphone-13-pro-3.jpg,9cb7d8218523dd1fd93fc0251a22fe63c751c205
fef0749dd1d0d4f4c5591cf03f77410debcc0a5d,wordpress/wp-content/plugins/appleklinika-inventory/assets/demo/iphone-13-pro-1.jpg,456adb89d52b08e9cf940e5fc8eecf708e4ba376
fef0749dd1d0d4f4c5591cf03f77410debcc0a5d,wordpress/wp-content/plugins/appleklinika-inventory/assets/demo/iphone-13-pro-2.jpg,2315424aeb079e8783818bdce9b9f4e35502264b
fef0749dd1d0d4f4c5591cf03f77410debcc0a5d,wordpress/wp-content/plugins/appleklinika-inventory/assets/demo/iphone-13-pro-3.jpg,9cb7d8218523dd1fd93fc0251a22fe63c751c205
a22d3713cf58139a1a480531760ee9717af3c578,wordpress/wp-content/plugins/appleklinika-inventory/assets/demo/iphone-13-pro-1.jpg,456adb89d52b08e9cf940e5fc8eecf708e4ba376
a22d3713cf58139a1a480531760ee9717af3c578,wordpress/wp-content/plugins/appleklinika-inventory/assets/demo/iphone-13-pro-2.jpg,2315424aeb079e8783818bdce9b9f4e35502264b
a22d3713cf58139a1a480531760ee9717af3c578,wordpress/wp-content/plugins/appleklinika-inventory/assets/demo/iphone-13-pro-3.jpg,9cb7d8218523dd1fd93fc0251a22fe63c751c205
d30dc29cf319fc46dac3c420939bdbacec6dcbc8,wordpress/wp-content/plugins/appleklinika-inventory/assets/demo/iphone-13-pro-1.jpg,456adb89d52b08e9cf940e5fc8eecf708e4ba376
d30dc29cf319fc46dac3c420939bdbacec6dcbc8,wordpress/wp-content/plugins/appleklinika-inventory/assets/demo/iphone-13-pro-2.jpg,2315424aeb079e8783818bdce9b9f4e35502264b
d30dc29cf319fc46dac3c420939bdbacec6dcbc8,wordpress/wp-content/plugins/appleklinika-inventory/assets/demo/iphone-13-pro-3.jpg,9cb7d8218523dd1fd93fc0251a22fe63c751c205
223adc9b80d343d60e591f57f7c1f033f16ef8b5,wordpress/wp-content/plugins/appleklinika-inventory/assets/demo/iphone-13-pro-1.jpg,456adb89d52b08e9cf940e5fc8eecf708e4ba376
223adc9b80d343d60e591f57f7c1f033f16ef8b5,wordpress/wp-content/plugins/appleklinika-inventory/assets/demo/iphone-13-pro-2.jpg,2315424aeb079e8783818bdce9b9f4e35502264b
223adc9b80d343d60e591f57f7c1f033f16ef8b5,wordpress/wp-content/plugins/appleklinika-inventory/assets/demo/iphone-13-pro-3.jpg,9cb7d8218523dd1fd93fc0251a22fe63c751c205
6b05b4d8ec02f737ad6e48680c1eceb727e99127,wordpress/wp-content/plugins/appleklinika-inventory/assets/demo/iphone-13-pro-1.jpg,456adb89d52b08e9cf940e5fc8eecf708e4ba376
6b05b4d8ec02f737ad6e48680c1eceb727e99127,wordpress/wp-content/plugins/appleklinika-inventory/assets/demo/iphone-13-pro-2.jpg,2315424aeb079e8783818bdce9b9f4e35502264b
6b05b4d8ec02f737ad6e48680c1eceb727e99127,wordpress/wp-content/plugins/appleklinika-inventory/assets/demo/iphone-13-pro-3.jpg,9cb7d8218523dd1fd93fc0251a22fe63c751c205
d7b5e39e78e953a030ac6fca770901c52207a3ba,wordpress/wp-content/plugins/appleklinika-inventory/assets/demo/iphone-13-pro-1.jpg,456adb89d52b08e9cf940e5fc8eecf708e4ba376
d7b5e39e78e953a030ac6fca770901c52207a3ba,wordpress/wp-content/plugins/appleklinika-inventory/assets/demo/iphone-13-pro-2.jpg,2315424aeb079e8783818bdce9b9f4e35502264b
d7b5e39e78e953a030ac6fca770901c52207a3ba,wordpress/wp-content/plugins/appleklinika-inventory/assets/demo/iphone-13-pro-3.jpg,9cb7d8218523dd1fd93fc0251a22fe63c751c205
70d7a5e739724b82724f39070f8e9c26c1186a26,wordpress/wp-content/plugins/appleklinika-inventory/assets/demo/iphone-13-pro-1.jpg,456adb89d52b08e9cf940e5fc8eecf708e4ba376
70d7a5e739724b82724f39070f8e9c26c1186a26,wordpress/wp-content/plugins/appleklinika-inventory/assets/demo/iphone-13-pro-2.jpg,2315424aeb079e8783818bdce9b9f4e35502264b
70d7a5e739724b82724f39070f8e9c26c1186a26,wordpress/wp-content/plugins/appleklinika-inventory/assets/demo/iphone-13-pro-3.jpg,9cb7d8218523dd1fd93fc0251a22fe63c751c205
92fb80cc93fad7103f99b9a95dd1c35d95562ce4,wordpress/wp-content/plugins/appleklinika-inventory/assets/demo/iphone-13-pro-1.jpg,456adb89d52b08e9cf940e5fc8eecf708e4ba376
92fb80cc93fad7103f99b9a95dd1c35d95562ce4,wordpress/wp-content/plugins/appleklinika-inventory/assets/demo/iphone-13-pro-2.jpg,2315424aeb079e8783818bdce9b9f4e35502264b
92fb80cc93fad7103f99b9a95dd1c35d95562ce4,wordpress/wp-content/plugins/appleklinika-inventory/assets/demo/iphone-13-pro-3.jpg,9cb7d8218523dd1fd93fc0251a22fe63c751c205
41d3c1ada2bb93805a7b4c4be13e7cc6dd271542,wordpress/wp-content/plugins/appleklinika-inventory/assets/demo/iphone-13-pro-1.jpg,456adb89d52b08e9cf940e5fc8eecf708e4ba376
41d3c1ada2bb93805a7b4c4be13e7cc6dd271542,wordpress/wp-content/plugins/appleklinika-inventory/assets/demo/iphone-13-pro-2.jpg,2315424aeb079e8783818bdce9b9f4e35502264b
41d3c1ada2bb93805a7b4c4be13e7cc6dd271542,wordpress/wp-content/plugins/appleklinika-inventory/assets/demo/iphone-13-pro-3.jpg,9cb7d8218523dd1fd93fc0251a22fe63c751c205
bdedd2b83ab8c105688169ce7f90decc97d22988,wordpress/wp-content/plugins/appleklinika-inventory/assets/demo/iphone-13-pro-1.jpg,456adb89d52b08e9cf940e5fc8eecf708e4ba376
bdedd2b83ab8c105688169ce7f90decc97d22988,wordpress/wp-content/plugins/appleklinika-inventory/assets/demo/iphone-13-pro-2.jpg,2315424aeb079e8783818bdce9b9f4e35502264b
bdedd2b83ab8c105688169ce7f90decc97d22988,wordpress/wp-content/plugins/appleklinika-inventory/assets/demo/iphone-13-pro-3.jpg,9cb7d8218523dd1fd93fc0251a22fe63c751c205
17ddb55720de33455617e32417078862b80f8968,wordpress/wp-content/plugins/appleklinika-inventory/assets/demo/iphone-13-pro-1.jpg,456adb89d52b08e9cf940e5fc8eecf708e4ba376
17ddb55720de33455617e32417078862b80f8968,wordpress/wp-content/plugins/appleklinika-inventory/assets/demo/iphone-13-pro-2.jpg,2315424aeb079e8783818bdce9b9f4e35502264b
17ddb55720de33455617e32417078862b80f8968,wordpress/wp-content/plugins/appleklinika-inventory/assets/demo/iphone-13-pro-3.jpg,9cb7d8218523dd1fd93fc0251a22fe63c751c205
aa07887d57b7b12fec2bfa9bde86a8913a576073,wordpress/wp-content/plugins/appleklinika-inventory/assets/demo/iphone-13-pro-1.jpg,456adb89d52b08e9cf940e5fc8eecf708e4ba376
aa07887d57b7b12fec2bfa9bde86a8913a576073,wordpress/wp-content/plugins/appleklinika-inventory/assets/demo/iphone-13-pro-2.jpg,2315424aeb079e8783818bdce9b9f4e35502264b
aa07887d57b7b12fec2bfa9bde86a8913a576073,wordpress/wp-content/plugins/appleklinika-inventory/assets/demo/iphone-13-pro-3.jpg,9cb7d8218523dd1fd93fc0251a22fe63c751c205
7fcdc029aaa34342a788f3bdd3086dec36c0eed1,wordpress/wp-content/plugins/appleklinika-inventory/assets/demo/iphone-13-pro-1.jpg,456adb89d52b08e9cf940e5fc8eecf708e4ba376
7fcdc029aaa34342a788f3bdd3086dec36c0eed1,wordpress/wp-content/plugins/appleklinika-inventory/assets/demo/iphone-13-pro-2.jpg,2315424aeb079e8783818bdce9b9f4e35502264b
7fcdc029aaa34342a788f3bdd3086dec36c0eed1,wordpress/wp-content/plugins/appleklinika-inventory/assets/demo/iphone-13-pro-3.jpg,9cb7d8218523dd1fd93fc0251a22fe63c751c205
e6712f9ab5549f142b1fbd297930468b271fda6f,wordpress/wp-content/plugins/appleklinika-inventory/assets/demo/iphone-13-pro-1.jpg,456adb89d52b08e9cf940e5fc8eecf708e4ba376
e6712f9ab5549f142b1fbd297930468b271fda6f,wordpress/wp-content/plugins/appleklinika-inventory/assets/demo/iphone-13-pro-2.jpg,2315424aeb079e8783818bdce9b9f4e35502264b
e6712f9ab5549f142b1fbd297930468b271fda6f,wordpress/wp-content/plugins/appleklinika-inventory/assets/demo/iphone-13-pro-3.jpg,9cb7d8218523dd1fd93fc0251a22fe63c751c205
ab71cd203ff9e78b1feb3c073abc3bbc7883cb24,wordpress/wp-content/plugins/appleklinika-inventory/assets/demo/iphone-13-pro-1.jpg,456adb89d52b08e9cf940e5fc8eecf708e4ba376
ab71cd203ff9e78b1feb3c073abc3bbc7883cb24,wordpress/wp-content/plugins/appleklinika-inventory/assets/demo/iphone-13-pro-2.jpg,2315424aeb079e8783818bdce9b9f4e35502264b
ab71cd203ff9e78b1feb3c073abc3bbc7883cb24,wordpress/wp-content/plugins/appleklinika-inventory/assets/demo/iphone-13-pro-3.jpg,9cb7d8218523dd1fd93fc0251a22fe63c751c205
3fdf05afdf48417c19f469042d35a6427bf69064,wordpress/wp-content/plugins/appleklinika-inventory/assets/demo/iphone-13-pro-1.jpg,456adb89d52b08e9cf940e5fc8eecf708e4ba376
3fdf05afdf48417c19f469042d35a6427bf69064,wordpress/wp-content/plugins/appleklinika-inventory/assets/demo/iphone-13-pro-2.jpg,2315424aeb079e8783818bdce9b9f4e35502264b
3fdf05afdf48417c19f469042d35a6427bf69064,wordpress/wp-content/plugins/appleklinika-inventory/assets/demo/iphone-13-pro-3.jpg,9cb7d8218523dd1fd93fc0251a22fe63c751c205
238c38e43b6e0d2ecbb24c697a4ed59753029cc5,wordpress/wp-content/plugins/appleklinika-inventory/assets/demo/iphone-13-pro-1.jpg,456adb89d52b08e9cf940e5fc8eecf708e4ba376
238c38e43b6e0d2ecbb24c697a4ed59753029cc5,wordpress/wp-content/plugins/appleklinika-inventory/assets/demo/iphone-13-pro-2.jpg,2315424aeb079e8783818bdce9b9f4e35502264b
238c38e43b6e0d2ecbb24c697a4ed59753029cc5,wordpress/wp-content/plugins/appleklinika-inventory/assets/demo/iphone-13-pro-3.jpg,9cb7d8218523dd1fd93fc0251a22fe63c751c205
279592f6ac171ef7a77498b3dc1fec665eafbb79,wordpress/wp-content/plugins/appleklinika-inventory/assets/demo/iphone-13-pro-1.jpg,456adb89d52b08e9cf940e5fc8eecf708e4ba376
279592f6ac171ef7a77498b3dc1fec665eafbb79,wordpress/wp-content/plugins/appleklinika-inventory/assets/demo/iphone-13-pro-2.jpg,2315424aeb079e8783818bdce9b9f4e35502264b
279592f6ac171ef7a77498b3dc1fec665eafbb79,wordpress/wp-content/plugins/appleklinika-inventory/assets/demo/iphone-13-pro-3.jpg,9cb7d8218523dd1fd93fc0251a22fe63c751c205
1bfb371bdde6ec35b27d1eebbf9f942463c0e527,wordpress/wp-content/plugins/appleklinika-inventory/assets/demo/iphone-13-pro-1.jpg,456adb89d52b08e9cf940e5fc8eecf708e4ba376
1bfb371bdde6ec35b27d1eebbf9f942463c0e527,wordpress/wp-content/plugins/appleklinika-inventory/assets/demo/iphone-13-pro-2.jpg,2315424aeb079e8783818bdce9b9f4e35502264b
1bfb371bdde6ec35b27d1eebbf9f942463c0e527,wordpress/wp-content/plugins/appleklinika-inventory/assets/demo/iphone-13-pro-3.jpg,9cb7d8218523dd1fd93fc0251a22fe63c751c205
0309335d4b3b78fd8152804ea42e06c8161211bc,wordpress/wp-content/plugins/appleklinika-inventory/assets/demo/iphone-13-pro-1.jpg,456adb89d52b08e9cf940e5fc8eecf708e4ba376
0309335d4b3b78fd8152804ea42e06c8161211bc,wordpress/wp-content/plugins/appleklinika-inventory/assets/demo/iphone-13-pro-2.jpg,2315424aeb079e8783818bdce9b9f4e35502264b
0309335d4b3b78fd8152804ea42e06c8161211bc,wordpress/wp-content/plugins/appleklinika-inventory/assets/demo/iphone-13-pro-3.jpg,9cb7d8218523dd1fd93fc0251a22fe63c751c205
ef54856037f8757592b2d0933cc583ff9ca7e50c,wordpress/wp-content/plugins/appleklinika-inventory/assets/demo/iphone-13-pro-1.jpg,456adb89d52b08e9cf940e5fc8eecf708e4ba376
ef54856037f8757592b2d0933cc583ff9ca7e50c,wordpress/wp-content/plugins/appleklinika-inventory/assets/demo/iphone-13-pro-2.jpg,2315424aeb079e8783818bdce9b9f4e35502264b
ef54856037f8757592b2d0933cc583ff9ca7e50c,wordpress/wp-content/plugins/appleklinika-inventory/assets/demo/iphone-13-pro-3.jpg,9cb7d8218523dd1fd93fc0251a22fe63c751c205
0dc8177f087ac1738dae54f9bd6ff61bbb9bb9cf,wordpress/wp-content/plugins/appleklinika-inventory/assets/demo/iphone-13-pro-1.jpg,456adb89d52b08e9cf940e5fc8eecf708e4ba376
0dc8177f087ac1738dae54f9bd6ff61bbb9bb9cf,wordpress/wp-content/plugins/appleklinika-inventory/assets/demo/iphone-13-pro-2.jpg,2315424aeb079e8783818bdce9b9f4e35502264b
0dc8177f087ac1738dae54f9bd6ff61bbb9bb9cf,wordpress/wp-content/plugins/appleklinika-inventory/assets/demo/iphone-13-pro-3.jpg,9cb7d8218523dd1fd93fc0251a22fe63c751c205
79d142be071d2f0df86a4247de770f9667d3f4ac,wordpress/wp-content/plugins/appleklinika-inventory/assets/demo/iphone-13-pro-1.jpg,456adb89d52b08e9cf940e5fc8eecf708e4ba376
79d142be071d2f0df86a4247de770f9667d3f4ac,wordpress/wp-content/plugins/appleklinika-inventory/assets/demo/iphone-13-pro-2.jpg,2315424aeb079e8783818bdce9b9f4e35502264b
79d142be071d2f0df86a4247de770f9667d3f4ac,wordpress/wp-content/plugins/appleklinika-inventory/assets/demo/iphone-13-pro-3.jpg,9cb7d8218523dd1fd93fc0251a22fe63c751c205
c8a8ade825944b0d2346b4b4a79e7f9a15be5343,wordpress/wp-content/plugins/appleklinika-inventory/assets/demo/iphone-13-pro-1.jpg,456adb89d52b08e9cf940e5fc8eecf708e4ba376
c8a8ade825944b0d2346b4b4a79e7f9a15be5343,wordpress/wp-content/plugins/appleklinika-inventory/assets/demo/iphone-13-pro-2.jpg,2315424aeb079e8783818bdce9b9f4e35502264b
c8a8ade825944b0d2346b4b4a79e7f9a15be5343,wordpress/wp-content/plugins/appleklinika-inventory/assets/demo/iphone-13-pro-3.jpg,9cb7d8218523dd1fd93fc0251a22fe63c751c205
f24a67f037a4078d152b96ef5d839f420e89024a,wordpress/wp-content/plugins/appleklinika-inventory/assets/demo/iphone-13-pro-1.jpg,456adb89d52b08e9cf940e5fc8eecf708e4ba376
f24a67f037a4078d152b96ef5d839f420e89024a,wordpress/wp-content/plugins/appleklinika-inventory/assets/demo/iphone-13-pro-2.jpg,2315424aeb079e8783818bdce9b9f4e35502264b
f24a67f037a4078d152b96ef5d839f420e89024a,wordpress/wp-content/plugins/appleklinika-inventory/assets/demo/iphone-13-pro-3.jpg,9cb7d8218523dd1fd93fc0251a22fe63c751c205
3b3f86dbaf0c0c2faa1848b5fe240db633b2741b,wordpress/wp-content/plugins/appleklinika-inventory/assets/demo/iphone-13-pro-1.jpg,456adb89d52b08e9cf940e5fc8eecf708e4ba376
3b3f86dbaf0c0c2faa1848b5fe240db633b2741b,wordpress/wp-content/plugins/appleklinika-inventory/assets/demo/iphone-13-pro-2.jpg,2315424aeb079e8783818bdce9b9f4e35502264b
3b3f86dbaf0c0c2faa1848b5fe240db633b2741b,wordpress/wp-content/plugins/appleklinika-inventory/assets/demo/iphone-13-pro-3.jpg,9cb7d8218523dd1fd93fc0251a22fe63c751c205
d468764b331a2aaada521f1cce1bfb651b5b667f,wordpress/wp-content/plugins/appleklinika-inventory/assets/demo/iphone-13-pro-1.jpg,456adb89d52b08e9cf940e5fc8eecf708e4ba376
d468764b331a2aaada521f1cce1bfb651b5b667f,wordpress/wp-content/plugins/appleklinika-inventory/assets/demo/iphone-13-pro-2.jpg,2315424aeb079e8783818bdce9b9f4e35502264b
d468764b331a2aaada521f1cce1bfb651b5b667f,wordpress/wp-content/plugins/appleklinika-inventory/assets/demo/iphone-13-pro-3.jpg,9cb7d8218523dd1fd93fc0251a22fe63c751c205
e07fd2eac68e90221ccfb0052f5e18e82a6eccf4,wordpress/wp-content/plugins/appleklinika-inventory/assets/demo/iphone-13-pro-1.jpg,456adb89d52b08e9cf940e5fc8eecf708e4ba376
e07fd2eac68e90221ccfb0052f5e18e82a6eccf4,wordpress/wp-content/plugins/appleklinika-inventory/assets/demo/iphone-13-pro-2.jpg,2315424aeb079e8783818bdce9b9f4e35502264b
e07fd2eac68e90221ccfb0052f5e18e82a6eccf4,wordpress/wp-content/plugins/appleklinika-inventory/assets/demo/iphone-13-pro-3.jpg,9cb7d8218523dd1fd93fc0251a22fe63c751c205
90f9e5942ed70de96c25bd11a0b66a6d2f439963,wordpress/wp-content/plugins/appleklinika-inventory/assets/demo/iphone-13-pro-1.jpg,456adb89d52b08e9cf940e5fc8eecf708e4ba376
90f9e5942ed70de96c25bd11a0b66a6d2f439963,wordpress/wp-content/plugins/appleklinika-inventory/assets/demo/iphone-13-pro-2.jpg,2315424aeb079e8783818bdce9b9f4e35502264b
90f9e5942ed70de96c25bd11a0b66a6d2f439963,wordpress/wp-content/plugins/appleklinika-inventory/assets/demo/iphone-13-pro-3.jpg,9cb7d8218523dd1fd93fc0251a22fe63c751c205
e1f3a2879d8be0837ab1a820c1aa5de3f4c0fcd0,wordpress/wp-content/plugins/appleklinika-inventory/assets/demo/iphone-13-pro-1.jpg,456adb89d52b08e9cf940e5fc8eecf708e4ba376
e1f3a2879d8be0837ab1a820c1aa5de3f4c0fcd0,wordpress/wp-content/plugins/appleklinika-inventory/assets/demo/iphone-13-pro-2.jpg,2315424aeb079e8783818bdce9b9f4e35502264b
e1f3a2879d8be0837ab1a820c1aa5de3f4c0fcd0,wordpress/wp-content/plugins/appleklinika-inventory/assets/demo/iphone-13-pro-3.jpg,9cb7d8218523dd1fd93fc0251a22fe63c751c205
1493919a824c01996b0f0abbab4ccd0bcb80fc91,wordpress/wp-content/plugins/appleklinika-inventory/assets/demo/iphone-13-pro-1.jpg,456adb89d52b08e9cf940e5fc8eecf708e4ba376
1493919a824c01996b0f0abbab4ccd0bcb80fc91,wordpress/wp-content/plugins/appleklinika-inventory/assets/demo/iphone-13-pro-2.jpg,2315424aeb079e8783818bdce9b9f4e35502264b
1493919a824c01996b0f0abbab4ccd0bcb80fc91,wordpress/wp-content/plugins/appleklinika-inventory/assets/demo/iphone-13-pro-3.jpg,9cb7d8218523dd1fd93fc0251a22fe63c751c205
fbba8ecf02525ace4922b3cce2974f24e4ebc496,wordpress/wp-content/plugins/appleklinika-inventory/assets/demo/iphone-13-pro-1.jpg,456adb89d52b08e9cf940e5fc8eecf708e4ba376
fbba8ecf02525ace4922b3cce2974f24e4ebc496,wordpress/wp-content/plugins/appleklinika-inventory/assets/demo/iphone-13-pro-2.jpg,2315424aeb079e8783818bdce9b9f4e35502264b
fbba8ecf02525ace4922b3cce2974f24e4ebc496,wordpress/wp-content/plugins/appleklinika-inventory/assets/demo/iphone-13-pro-3.jpg,9cb7d8218523dd1fd93fc0251a22fe63c751c205
c1af905af1cc84bd1584155bdc07a57b958d12db,wordpress/wp-content/plugins/appleklinika-inventory/assets/demo/iphone-13-pro-1.jpg,456adb89d52b08e9cf940e5fc8eecf708e4ba376
c1af905af1cc84bd1584155bdc07a57b958d12db,wordpress/wp-content/plugins/appleklinika-inventory/assets/demo/iphone-13-pro-2.jpg,2315424aeb079e8783818bdce9b9f4e35502264b
c1af905af1cc84bd1584155bdc07a57b958d12db,wordpress/wp-content/plugins/appleklinika-inventory/assets/demo/iphone-13-pro-3.jpg,9cb7d8218523dd1fd93fc0251a22fe63c751c205
e378621d46150f38452702cd8074bfa28ab714fc,wordpress/wp-content/plugins/appleklinika-inventory/assets/demo/iphone-13-pro-1.jpg,456adb89d52b08e9cf940e5fc8eecf708e4ba376
e378621d46150f38452702cd8074bfa28ab714fc,wordpress/wp-content/plugins/appleklinika-inventory/assets/demo/iphone-13-pro-2.jpg,2315424aeb079e8783818bdce9b9f4e35502264b
e378621d46150f38452702cd8074bfa28ab714fc,wordpress/wp-content/plugins/appleklinika-inventory/assets/demo/iphone-13-pro-3.jpg,9cb7d8218523dd1fd93fc0251a22fe63c751c205
a3318ae04ceee30265f17598183c3433e9370270,wordpress/wp-content/plugins/appleklinika-inventory/assets/demo/iphone-13-pro-1.jpg,456adb89d52b08e9cf940e5fc8eecf708e4ba376
a3318ae04ceee30265f17598183c3433e9370270,wordpress/wp-content/plugins/appleklinika-inventory/assets/demo/iphone-13-pro-2.jpg,2315424aeb079e8783818bdce9b9f4e35502264b
a3318ae04ceee30265f17598183c3433e9370270,wordpress/wp-content/plugins/appleklinika-inventory/assets/demo/iphone-13-pro-3.jpg,9cb7d8218523dd1fd93fc0251a22fe63c751c205
44052b296bae61ef3d456f9e9d9462d552985b1d,wordpress/wp-content/plugins/appleklinika-inventory/assets/demo/iphone-13-pro-1.jpg,456adb89d52b08e9cf940e5fc8eecf708e4ba376
44052b296bae61ef3d456f9e9d9462d552985b1d,wordpress/wp-content/plugins/appleklinika-inventory/assets/demo/iphone-13-pro-2.jpg,2315424aeb079e8783818bdce9b9f4e35502264b
44052b296bae61ef3d456f9e9d9462d552985b1d,wordpress/wp-content/plugins/appleklinika-inventory/assets/demo/iphone-13-pro-3.jpg,9cb7d8218523dd1fd93fc0251a22fe63c751c205
df62a51c45a6b164505754d3dd559478a663bd29,wordpress/wp-content/plugins/appleklinika-inventory/assets/demo/iphone-13-pro-1.jpg,456adb89d52b08e9cf940e5fc8eecf708e4ba376
df62a51c45a6b164505754d3dd559478a663bd29,wordpress/wp-content/plugins/appleklinika-inventory/assets/demo/iphone-13-pro-2.jpg,2315424aeb079e8783818bdce9b9f4e35502264b
df62a51c45a6b164505754d3dd559478a663bd29,wordpress/wp-content/plugins/appleklinika-inventory/assets/demo/iphone-13-pro-3.jpg,9cb7d8218523dd1fd93fc0251a22fe63c751c205
8c643b6409c9d3ababc0105317c2ee38fffe5803,wordpress/wp-content/plugins/appleklinika-inventory/assets/demo/iphone-13-pro-1.jpg,456adb89d52b08e9cf940e5fc8eecf708e4ba376
8c643b6409c9d3ababc0105317c2ee38fffe5803,wordpress/wp-content/plugins/appleklinika-inventory/assets/demo/iphone-13-pro-2.jpg,2315424aeb079e8783818bdce9b9f4e35502264b
8c643b6409c9d3ababc0105317c2ee38fffe5803,wordpress/wp-content/plugins/appleklinika-inventory/assets/demo/iphone-13-pro-3.jpg,9cb7d8218523dd1fd93fc0251a22fe63c751c205
f19159dc14a78215764e948615a2efdc93950e48,wordpress/wp-content/plugins/appleklinika-inventory/assets/demo/iphone-13-pro-1.jpg,456adb89d52b08e9cf940e5fc8eecf708e4ba376
f19159dc14a78215764e948615a2efdc93950e48,wordpress/wp-content/plugins/appleklinika-inventory/assets/demo/iphone-13-pro-2.jpg,2315424aeb079e8783818bdce9b9f4e35502264b
f19159dc14a78215764e948615a2efdc93950e48,wordpress/wp-content/plugins/appleklinika-inventory/assets/demo/iphone-13-pro-3.jpg,9cb7d8218523dd1fd93fc0251a22fe63c751c205
80b971aaba4f2c4f9059a916ab76901e7a83155e,wordpress/wp-content/plugins/appleklinika-inventory/assets/demo/iphone-13-pro-1.jpg,456adb89d52b08e9cf940e5fc8eecf708e4ba376
80b971aaba4f2c4f9059a916ab76901e7a83155e,wordpress/wp-content/plugins/appleklinika-inventory/assets/demo/iphone-13-pro-2.jpg,2315424aeb079e8783818bdce9b9f4e35502264b
80b971aaba4f2c4f9059a916ab76901e7a83155e,wordpress/wp-content/plugins/appleklinika-inventory/assets/demo/iphone-13-pro-3.jpg,9cb7d8218523dd1fd93fc0251a22fe63c751c205
596d204b82f275367977522422e61836dedc7e17,wordpress/wp-content/plugins/appleklinika-inventory/assets/demo/iphone-13-pro-1.jpg,456adb89d52b08e9cf940e5fc8eecf708e4ba376
596d204b82f275367977522422e61836dedc7e17,wordpress/wp-content/plugins/appleklinika-inventory/assets/demo/iphone-13-pro-2.jpg,2315424aeb079e8783818bdce9b9f4e35502264b
596d204b82f275367977522422e61836dedc7e17,wordpress/wp-content/plugins/appleklinika-inventory/assets/demo/iphone-13-pro-3.jpg,9cb7d8218523dd1fd93fc0251a22fe63c751c205
67a4dc4f6469f3022f5139062c07b22cdaed8332,wordpress/wp-content/plugins/appleklinika-inventory/assets/demo/iphone-13-pro-1.jpg,456adb89d52b08e9cf940e5fc8eecf708e4ba376
67a4dc4f6469f3022f5139062c07b22cdaed8332,wordpress/wp-content/plugins/appleklinika-inventory/assets/demo/iphone-13-pro-2.jpg,2315424aeb079e8783818bdce9b9f4e35502264b
67a4dc4f6469f3022f5139062c07b22cdaed8332,wordpress/wp-content/plugins/appleklinika-inventory/assets/demo/iphone-13-pro-3.jpg,9cb7d8218523dd1fd93fc0251a22fe63c751c205
1283315970b02ed0e38df73ca13496a4894b8864,wordpress/wp-content/plugins/appleklinika-inventory/assets/demo/iphone-13-pro-1.jpg,456adb89d52b08e9cf940e5fc8eecf708e4ba376
1283315970b02ed0e38df73ca13496a4894b8864,wordpress/wp-content/plugins/appleklinika-inventory/assets/demo/iphone-13-pro-2.jpg,2315424aeb079e8783818bdce9b9f4e35502264b
1283315970b02ed0e38df73ca13496a4894b8864,wordpress/wp-content/plugins/appleklinika-inventory/assets/demo/iphone-13-pro-3.jpg,9cb7d8218523dd1fd93fc0251a22fe63c751c205
28ddbc34c575782b7a92a18dbe69059ddc0d997c,wordpress/wp-content/plugins/appleklinika-inventory/assets/demo/iphone-13-pro-1.jpg,456adb89d52b08e9cf940e5fc8eecf708e4ba376
28ddbc34c575782b7a92a18dbe69059ddc0d997c,wordpress/wp-content/plugins/appleklinika-inventory/assets/demo/iphone-13-pro-2.jpg,2315424aeb079e8783818bdce9b9f4e35502264b
28ddbc34c575782b7a92a18dbe69059ddc0d997c,wordpress/wp-content/plugins/appleklinika-inventory/assets/demo/iphone-13-pro-3.jpg,9cb7d8218523dd1fd93fc0251a22fe63c751c205
8c0b2a791032a99c1c781ce324ad225d9e546db1,wordpress/wp-content/plugins/appleklinika-inventory/assets/demo/iphone-13-pro-1.jpg,456adb89d52b08e9cf940e5fc8eecf708e4ba376
8c0b2a791032a99c1c781ce324ad225d9e546db1,wordpress/wp-content/plugins/appleklinika-inventory/assets/demo/iphone-13-pro-2.jpg,2315424aeb079e8783818bdce9b9f4e35502264b
8c0b2a791032a99c1c781ce324ad225d9e546db1,wordpress/wp-content/plugins/appleklinika-inventory/assets/demo/iphone-13-pro-3.jpg,9cb7d8218523dd1fd93fc0251a22fe63c751c205
5a18dca25dab3812e09268963c8eb7a0da143385,wordpress/wp-content/plugins/appleklinika-inventory/assets/demo/iphone-13-pro-1.jpg,456adb89d52b08e9cf940e5fc8eecf708e4ba376
5a18dca25dab3812e09268963c8eb7a0da143385,wordpress/wp-content/plugins/appleklinika-inventory/assets/demo/iphone-13-pro-2.jpg,2315424aeb079e8783818bdce9b9f4e35502264b
5a18dca25dab3812e09268963c8eb7a0da143385,wordpress/wp-content/plugins/appleklinika-inventory/assets/demo/iphone-13-pro-3.jpg,9cb7d8218523dd1fd93fc0251a22fe63c751c205
114123a22a5536933549445e2b65b4260e2173c3,wordpress/wp-content/plugins/appleklinika-inventory/assets/demo/iphone-13-pro-1.jpg,456adb89d52b08e9cf940e5fc8eecf708e4ba376
114123a22a5536933549445e2b65b4260e2173c3,wordpress/wp-content/plugins/appleklinika-inventory/assets/demo/iphone-13-pro-2.jpg,2315424aeb079e8783818bdce9b9f4e35502264b
114123a22a5536933549445e2b65b4260e2173c3,wordpress/wp-content/plugins/appleklinika-inventory/assets/demo/iphone-13-pro-3.jpg,9cb7d8218523dd1fd93fc0251a22fe63c751c205
c6e32e30433b8d72aff69b39f2870fc3e6eecfff,wordpress/wp-content/plugins/appleklinika-inventory/assets/demo/iphone-13-pro-1.jpg,456adb89d52b08e9cf940e5fc8eecf708e4ba376
c6e32e30433b8d72aff69b39f2870fc3e6eecfff,wordpress/wp-content/plugins/appleklinika-inventory/assets/demo/iphone-13-pro-2.jpg,2315424aeb079e8783818bdce9b9f4e35502264b
c6e32e30433b8d72aff69b39f2870fc3e6eecfff,wordpress/wp-content/plugins/appleklinika-inventory/assets/demo/iphone-13-pro-3.jpg,9cb7d8218523dd1fd93fc0251a22fe63c751c205
7c17b8db63f13efbcaf1b89e7fa411f7c297fa9b,wordpress/wp-content/plugins/appleklinika-inventory/assets/demo/iphone-13-pro-1.jpg,456adb89d52b08e9cf940e5fc8eecf708e4ba376
7c17b8db63f13efbcaf1b89e7fa411f7c297fa9b,wordpress/wp-content/plugins/appleklinika-inventory/assets/demo/iphone-13-pro-2.jpg,2315424aeb079e8783818bdce9b9f4e35502264b
7c17b8db63f13efbcaf1b89e7fa411f7c297fa9b,wordpress/wp-content/plugins/appleklinika-inventory/assets/demo/iphone-13-pro-3.jpg,9cb7d8218523dd1fd93fc0251a22fe63c751c205
53fb5d885c1f4f7b7d51d2246296e2d8be9c7037,wordpress/wp-content/plugins/appleklinika-inventory/assets/demo/iphone-13-pro-1.jpg,456adb89d52b08e9cf940e5fc8eecf708e4ba376
53fb5d885c1f4f7b7d51d2246296e2d8be9c7037,wordpress/wp-content/plugins/appleklinika-inventory/assets/demo/iphone-13-pro-2.jpg,2315424aeb079e8783818bdce9b9f4e35502264b
53fb5d885c1f4f7b7d51d2246296e2d8be9c7037,wordpress/wp-content/plugins/appleklinika-inventory/assets/demo/iphone-13-pro-3.jpg,9cb7d8218523dd1fd93fc0251a22fe63c751c205
c5184a803ade5b29fcebd75acb5df6676fa30568,wordpress/wp-content/plugins/appleklinika-inventory/assets/demo/iphone-13-pro-1.jpg,456adb89d52b08e9cf940e5fc8eecf708e4ba376
c5184a803ade5b29fcebd75acb5df6676fa30568,wordpress/wp-content/plugins/appleklinika-inventory/assets/demo/iphone-13-pro-2.jpg,2315424aeb079e8783818bdce9b9f4e35502264b
c5184a803ade5b29fcebd75acb5df6676fa30568,wordpress/wp-content/plugins/appleklinika-inventory/assets/demo/iphone-13-pro-3.jpg,9cb7d8218523dd1fd93fc0251a22fe63c751c205
7e0463fa6a906cab49db41d1d372040cbca5c388,wordpress/wp-content/plugins/appleklinika-inventory/assets/demo/iphone-13-pro-1.jpg,456adb89d52b08e9cf940e5fc8eecf708e4ba376
7e0463fa6a906cab49db41d1d372040cbca5c388,wordpress/wp-content/plugins/appleklinika-inventory/assets/demo/iphone-13-pro-2.jpg,2315424aeb079e8783818bdce9b9f4e35502264b
7e0463fa6a906cab49db41d1d372040cbca5c388,wordpress/wp-content/plugins/appleklinika-inventory/assets/demo/iphone-13-pro-3.jpg,9cb7d8218523dd1fd93fc0251a22fe63c751c205
d82d53d9afa273d893828a958418db537f892c67,wordpress/wp-content/plugins/appleklinika-inventory/assets/demo/iphone-13-pro-1.jpg,456adb89d52b08e9cf940e5fc8eecf708e4ba376
d82d53d9afa273d893828a958418db537f892c67,wordpress/wp-content/plugins/appleklinika-inventory/assets/demo/iphone-13-pro-2.jpg,2315424aeb079e8783818bdce9b9f4e35502264b
d82d53d9afa273d893828a958418db537f892c67,wordpress/wp-content/plugins/appleklinika-inventory/assets/demo/iphone-13-pro-3.jpg,9cb7d8218523dd1fd93fc0251a22fe63c751c205
306971831572e21e2e2a13bc00dd1fa7f4c74f8e,wordpress/wp-content/plugins/appleklinika-inventory/assets/demo/iphone-13-pro-1.jpg,456adb89d52b08e9cf940e5fc8eecf708e4ba376
306971831572e21e2e2a13bc00dd1fa7f4c74f8e,wordpress/wp-content/plugins/appleklinika-inventory/assets/demo/iphone-13-pro-2.jpg,2315424aeb079e8783818bdce9b9f4e35502264b
306971831572e21e2e2a13bc00dd1fa7f4c74f8e,wordpress/wp-content/plugins/appleklinika-inventory/assets/demo/iphone-13-pro-3.jpg,9cb7d8218523dd1fd93fc0251a22fe63c751c205
489019176689c6930e7078d24e1c457087257a83,wordpress/wp-content/plugins/appleklinika-inventory/assets/demo/iphone-13-pro-1.jpg,456adb89d52b08e9cf940e5fc8eecf708e4ba376
489019176689c6930e7078d24e1c457087257a83,wordpress/wp-content/plugins/appleklinika-inventory/assets/demo/iphone-13-pro-2.jpg,2315424aeb079e8783818bdce9b9f4e35502264b
489019176689c6930e7078d24e1c457087257a83,wordpress/wp-content/plugins/appleklinika-inventory/assets/demo/iphone-13-pro-3.jpg,9cb7d8218523dd1fd93fc0251a22fe63c751c205
236dea4da329c1c75a55d0133e37a446155d15aa,wordpress/wp-content/plugins/appleklinika-inventory/assets/demo/iphone-13-pro-1.jpg,456adb89d52b08e9cf940e5fc8eecf708e4ba376
236dea4da329c1c75a55d0133e37a446155d15aa,wordpress/wp-content/plugins/appleklinika-inventory/assets/demo/iphone-13-pro-2.jpg,2315424aeb079e8783818bdce9b9f4e35502264b
236dea4da329c1c75a55d0133e37a446155d15aa,wordpress/wp-content/plugins/appleklinika-inventory/assets/demo/iphone-13-pro-3.jpg,9cb7d8218523dd1fd93fc0251a22fe63c751c205
486f157242138130ea05ffda5369f175fdb48c89,wordpress/wp-content/plugins/appleklinika-inventory/assets/demo/iphone-13-pro-1.jpg,456adb89d52b08e9cf940e5fc8eecf708e4ba376
486f157242138130ea05ffda5369f175fdb48c89,wordpress/wp-content/plugins/appleklinika-inventory/assets/demo/iphone-13-pro-2.jpg,2315424aeb079e8783818bdce9b9f4e35502264b
486f157242138130ea05ffda5369f175fdb48c89,wordpress/wp-content/plugins/appleklinika-inventory/assets/demo/iphone-13-pro-3.jpg,9cb7d8218523dd1fd93fc0251a22fe63c751c205
afbf4bc034e80210ff26c1200a9cd5ca56e06f32,wordpress/wp-content/plugins/appleklinika-inventory/assets/demo/iphone-13-pro-1.jpg,456adb89d52b08e9cf940e5fc8eecf708e4ba376
afbf4bc034e80210ff26c1200a9cd5ca56e06f32,wordpress/wp-content/plugins/appleklinika-inventory/assets/demo/iphone-13-pro-2.jpg,2315424aeb079e8783818bdce9b9f4e35502264b
afbf4bc034e80210ff26c1200a9cd5ca56e06f32,wordpress/wp-content/plugins/appleklinika-inventory/assets/demo/iphone-13-pro-3.jpg,9cb7d8218523dd1fd93fc0251a22fe63c751c205
b616b44c3bb1a7d5ba1b97d012baf00ba7421495,wordpress/wp-content/plugins/appleklinika-inventory/assets/demo/iphone-13-pro-1.jpg,456adb89d52b08e9cf940e5fc8eecf708e4ba376
b616b44c3bb1a7d5ba1b97d012baf00ba7421495,wordpress/wp-content/plugins/appleklinika-inventory/assets/demo/iphone-13-pro-2.jpg,2315424aeb079e8783818bdce9b9f4e35502264b
b616b44c3bb1a7d5ba1b97d012baf00ba7421495,wordpress/wp-content/plugins/appleklinika-inventory/assets/demo/iphone-13-pro-3.jpg,9cb7d8218523dd1fd93fc0251a22fe63c751c205
25b9ee135010f180879452e3e6df11e51c246ea7,wordpress/wp-content/plugins/appleklinika-inventory/assets/demo/iphone-13-pro-1.jpg,456adb89d52b08e9cf940e5fc8eecf708e4ba376
25b9ee135010f180879452e3e6df11e51c246ea7,wordpress/wp-content/plugins/appleklinika-inventory/assets/demo/iphone-13-pro-2.jpg,2315424aeb079e8783818bdce9b9f4e35502264b
25b9ee135010f180879452e3e6df11e51c246ea7,wordpress/wp-content/plugins/appleklinika-inventory/assets/demo/iphone-13-pro-3.jpg,9cb7d8218523dd1fd93fc0251a22fe63c751c205
9a40d62391fea53b542de128d5b78c0573b726d9,wordpress/wp-content/plugins/appleklinika-inventory/assets/demo/iphone-13-pro-1.jpg,456adb89d52b08e9cf940e5fc8eecf708e4ba376
9a40d62391fea53b542de128d5b78c0573b726d9,wordpress/wp-content/plugins/appleklinika-inventory/assets/demo/iphone-13-pro-2.jpg,2315424aeb079e8783818bdce9b9f4e35502264b
9a40d62391fea53b542de128d5b78c0573b726d9,wordpress/wp-content/plugins/appleklinika-inventory/assets/demo/iphone-13-pro-3.jpg,9cb7d8218523dd1fd93fc0251a22fe63c751c205
cc029b76f72cb6ef6fc89f8ee4e329d4265c71b4,wordpress/wp-content/plugins/appleklinika-inventory/assets/demo/iphone-13-pro-1.jpg,456adb89d52b08e9cf940e5fc8eecf708e4ba376
cc029b76f72cb6ef6fc89f8ee4e329d4265c71b4,wordpress/wp-content/plugins/appleklinika-inventory/assets/demo/iphone-13-pro-2.jpg,2315424aeb079e8783818bdce9b9f4e35502264b
cc029b76f72cb6ef6fc89f8ee4e329d4265c71b4,wordpress/wp-content/plugins/appleklinika-inventory/assets/demo/iphone-13-pro-3.jpg,9cb7d8218523dd1fd93fc0251a22fe63c751c205
086df566fe40626980a083e4caa82e38e5b059b9,wordpress/wp-content/plugins/appleklinika-inventory/assets/demo/iphone-13-pro-1.jpg,456adb89d52b08e9cf940e5fc8eecf708e4ba376
086df566fe40626980a083e4caa82e38e5b059b9,wordpress/wp-content/plugins/appleklinika-inventory/assets/demo/iphone-13-pro-2.jpg,2315424aeb079e8783818bdce9b9f4e35502264b
086df566fe40626980a083e4caa82e38e5b059b9,wordpress/wp-content/plugins/appleklinika-inventory/assets/demo/iphone-13-pro-3.jpg,9cb7d8218523dd1fd93fc0251a22fe63c751c205
16bf8daaef328f6843ee83582966bb502a703154,wordpress/wp-content/plugins/appleklinika-inventory/assets/demo/iphone-13-pro-1.jpg,456adb89d52b08e9cf940e5fc8eecf708e4ba376
16bf8daaef328f6843ee83582966bb502a703154,wordpress/wp-content/plugins/appleklinika-inventory/assets/demo/iphone-13-pro-2.jpg,2315424aeb079e8783818bdce9b9f4e35502264b
16bf8daaef328f6843ee83582966bb502a703154,wordpress/wp-content/plugins/appleklinika-inventory/assets/demo/iphone-13-pro-3.jpg,9cb7d8218523dd1fd93fc0251a22fe63c751c205
0ce8c95c4a7692d67e168d0f653e3d7f6a24d79d,wordpress/wp-content/plugins/appleklinika-inventory/assets/demo/iphone-13-pro-1.jpg,456adb89d52b08e9cf940e5fc8eecf708e4ba376
0ce8c95c4a7692d67e168d0f653e3d7f6a24d79d,wordpress/wp-content/plugins/appleklinika-inventory/assets/demo/iphone-13-pro-2.jpg,2315424aeb079e8783818bdce9b9f4e35502264b
0ce8c95c4a7692d67e168d0f653e3d7f6a24d79d,wordpress/wp-content/plugins/appleklinika-inventory/assets/demo/iphone-13-pro-3.jpg,9cb7d8218523dd1fd93fc0251a22fe63c751c205
a02490646ecc22777386549f4af8a30359e9c633,wordpress/wp-content/plugins/appleklinika-inventory/assets/demo/iphone-13-pro-1.jpg,456adb89d52b08e9cf940e5fc8eecf708e4ba376
a02490646ecc22777386549f4af8a30359e9c633,wordpress/wp-content/plugins/appleklinika-inventory/assets/demo/iphone-13-pro-2.jpg,2315424aeb079e8783818bdce9b9f4e35502264b
a02490646ecc22777386549f4af8a30359e9c633,wordpress/wp-content/plugins/appleklinika-inventory/assets/demo/iphone-13-pro-3.jpg,9cb7d8218523dd1fd93fc0251a22fe63c751c205
5008856a8513bb6d3c286fd95173041320e70a49,wordpress/wp-content/plugins/appleklinika-inventory/assets/demo/iphone-13-pro-1.jpg,456adb89d52b08e9cf940e5fc8eecf708e4ba376
5008856a8513bb6d3c286fd95173041320e70a49,wordpress/wp-content/plugins/appleklinika-inventory/assets/demo/iphone-13-pro-2.jpg,2315424aeb079e8783818bdce9b9f4e35502264b
5008856a8513bb6d3c286fd95173041320e70a49,wordpress/wp-content/plugins/appleklinika-inventory/assets/demo/iphone-13-pro-3.jpg,9cb7d8218523dd1fd93fc0251a22fe63c751c205
3ab81f00db3356c0af0c07c301e7ab1dc2b4ce64,wordpress/wp-content/plugins/appleklinika-inventory/assets/demo/iphone-13-pro-1.jpg,456adb89d52b08e9cf940e5fc8eecf708e4ba376
3ab81f00db3356c0af0c07c301e7ab1dc2b4ce64,wordpress/wp-content/plugins/appleklinika-inventory/assets/demo/iphone-13-pro-2.jpg,2315424aeb079e8783818bdce9b9f4e35502264b
3ab81f00db3356c0af0c07c301e7ab1dc2b4ce64,wordpress/wp-content/plugins/appleklinika-inventory/assets/demo/iphone-13-pro-3.jpg,9cb7d8218523dd1fd93fc0251a22fe63c751c205
5bf915665722d4a830e6ce47f1dba8e64cd1092a,wordpress/wp-content/plugins/appleklinika-inventory/assets/demo/iphone-13-pro-1.jpg,456adb89d52b08e9cf940e5fc8eecf708e4ba376
5bf915665722d4a830e6ce47f1dba8e64cd1092a,wordpress/wp-content/plugins/appleklinika-inventory/assets/demo/iphone-13-pro-2.jpg,2315424aeb079e8783818bdce9b9f4e35502264b
5bf915665722d4a830e6ce47f1dba8e64cd1092a,wordpress/wp-content/plugins/appleklinika-inventory/assets/demo/iphone-13-pro-3.jpg,9cb7d8218523dd1fd93fc0251a22fe63c751c205
a920d265806452b3a400cd22642972f3df934f0f,wordpress/wp-content/plugins/appleklinika-inventory/assets/demo/iphone-13-pro-1.jpg,456adb89d52b08e9cf940e5fc8eecf708e4ba376
a920d265806452b3a400cd22642972f3df934f0f,wordpress/wp-content/plugins/appleklinika-inventory/assets/demo/iphone-13-pro-2.jpg,2315424aeb079e8783818bdce9b9f4e35502264b
a920d265806452b3a400cd22642972f3df934f0f,wordpress/wp-content/plugins/appleklinika-inventory/assets/demo/iphone-13-pro-3.jpg,9cb7d8218523dd1fd93fc0251a22fe63c751c205
69d6a6b680153daae73c6ad618b025aca3f073ed,wordpress/wp-content/plugins/appleklinika-inventory/assets/demo/iphone-13-pro-1.jpg,456adb89d52b08e9cf940e5fc8eecf708e4ba376
69d6a6b680153daae73c6ad618b025aca3f073ed,wordpress/wp-content/plugins/appleklinika-inventory/assets/demo/iphone-13-pro-2.jpg,2315424aeb079e8783818bdce9b9f4e35502264b
69d6a6b680153daae73c6ad618b025aca3f073ed,wordpress/wp-content/plugins/appleklinika-inventory/assets/demo/iphone-13-pro-3.jpg,9cb7d8218523dd1fd93fc0251a22fe63c751c205
7d34863f40190a9c8c020fc1d31dc04a5272602d,wordpress/wp-content/plugins/appleklinika-inventory/assets/demo/iphone-13-pro-1.jpg,456adb89d52b08e9cf940e5fc8eecf708e4ba376
7d34863f40190a9c8c020fc1d31dc04a5272602d,wordpress/wp-content/plugins/appleklinika-inventory/assets/demo/iphone-13-pro-2.jpg,2315424aeb079e8783818bdce9b9f4e35502264b
7d34863f40190a9c8c020fc1d31dc04a5272602d,wordpress/wp-content/plugins/appleklinika-inventory/assets/demo/iphone-13-pro-3.jpg,9cb7d8218523dd1fd93fc0251a22fe63c751c205
da4d5d2490c4007babed59dfc7b2a470cb0d4d76,wordpress/wp-content/plugins/appleklinika-inventory/assets/demo/iphone-13-pro-1.jpg,456adb89d52b08e9cf940e5fc8eecf708e4ba376
da4d5d2490c4007babed59dfc7b2a470cb0d4d76,wordpress/wp-content/plugins/appleklinika-inventory/assets/demo/iphone-13-pro-2.jpg,2315424aeb079e8783818bdce9b9f4e35502264b
da4d5d2490c4007babed59dfc7b2a470cb0d4d76,wordpress/wp-content/plugins/appleklinika-inventory/assets/demo/iphone-13-pro-3.jpg,9cb7d8218523dd1fd93fc0251a22fe63c751c205
202a1675a81d1739a2676954febc7bc6bfd9acbd,wordpress/wp-content/plugins/appleklinika-inventory/assets/demo/iphone-13-pro-1.jpg,456adb89d52b08e9cf940e5fc8eecf708e4ba376
202a1675a81d1739a2676954febc7bc6bfd9acbd,wordpress/wp-content/plugins/appleklinika-inventory/assets/demo/iphone-13-pro-2.jpg,2315424aeb079e8783818bdce9b9f4e35502264b
202a1675a81d1739a2676954febc7bc6bfd9acbd,wordpress/wp-content/plugins/appleklinika-inventory/assets/demo/iphone-13-pro-3.jpg,9cb7d8218523dd1fd93fc0251a22fe63c751c205
6bc8c08bf3f5fc61873009ebad7e4849f7fc7c85,wordpress/wp-content/plugins/appleklinika-inventory/assets/demo/iphone-13-pro-1.jpg,456adb89d52b08e9cf940e5fc8eecf708e4ba376
6bc8c08bf3f5fc61873009ebad7e4849f7fc7c85,wordpress/wp-content/plugins/appleklinika-inventory/assets/demo/iphone-13-pro-2.jpg,2315424aeb079e8783818bdce9b9f4e35502264b
6bc8c08bf3f5fc61873009ebad7e4849f7fc7c85,wordpress/wp-content/plugins/appleklinika-inventory/assets/demo/iphone-13-pro-3.jpg,9cb7d8218523dd1fd93fc0251a22fe63c751c205
91343890bd242241ba347463726fa4eb30bdd35f,wordpress/wp-content/plugins/appleklinika-inventory/assets/demo/iphone-13-pro-1.jpg,456adb89d52b08e9cf940e5fc8eecf708e4ba376
91343890bd242241ba347463726fa4eb30bdd35f,wordpress/wp-content/plugins/appleklinika-inventory/assets/demo/iphone-13-pro-2.jpg,2315424aeb079e8783818bdce9b9f4e35502264b
91343890bd242241ba347463726fa4eb30bdd35f,wordpress/wp-content/plugins/appleklinika-inventory/assets/demo/iphone-13-pro-3.jpg,9cb7d8218523dd1fd93fc0251a22fe63c751c205
86830030815575c2f990a6e7f59c1897e9c8c9ed,wordpress/wp-content/plugins/appleklinika-inventory/assets/demo/iphone-13-pro-1.jpg,456adb89d52b08e9cf940e5fc8eecf708e4ba376
86830030815575c2f990a6e7f59c1897e9c8c9ed,wordpress/wp-content/plugins/appleklinika-inventory/assets/demo/iphone-13-pro-2.jpg,2315424aeb079e8783818bdce9b9f4e35502264b
86830030815575c2f990a6e7f59c1897e9c8c9ed,wordpress/wp-content/plugins/appleklinika-inventory/assets/demo/iphone-13-pro-3.jpg,9cb7d8218523dd1fd93fc0251a22fe63c751c205
451d9090fc58a9415a76dc31b6539bc1c653a3ed,wordpress/wp-content/plugins/appleklinika-inventory/assets/demo/iphone-13-pro-1.jpg,456adb89d52b08e9cf940e5fc8eecf708e4ba376
451d9090fc58a9415a76dc31b6539bc1c653a3ed,wordpress/wp-content/plugins/appleklinika-inventory/assets/demo/iphone-13-pro-2.jpg,2315424aeb079e8783818bdce9b9f4e35502264b
451d9090fc58a9415a76dc31b6539bc1c653a3ed,wordpress/wp-content/plugins/appleklinika-inventory/assets/demo/iphone-13-pro-3.jpg,9cb7d8218523dd1fd93fc0251a22fe63c751c205
127ed001e9523512c1a6201cecc35b41e8d68a8f,wordpress/wp-content/plugins/appleklinika-inventory/assets/demo/iphone-13-pro-1.jpg,456adb89d52b08e9cf940e5fc8eecf708e4ba376
127ed001e9523512c1a6201cecc35b41e8d68a8f,wordpress/wp-content/plugins/appleklinika-inventory/assets/demo/iphone-13-pro-2.jpg,2315424aeb079e8783818bdce9b9f4e35502264b
127ed001e9523512c1a6201cecc35b41e8d68a8f,wordpress/wp-content/plugins/appleklinika-inventory/assets/demo/iphone-13-pro-3.jpg,9cb7d8218523dd1fd93fc0251a22fe63c751c205
bb412f71b33c3fdfad56ddf16de6af0c165b8745,wordpress/wp-content/plugins/appleklinika-inventory/assets/demo/iphone-13-pro-1.jpg,456adb89d52b08e9cf940e5fc8eecf708e4ba376
bb412f71b33c3fdfad56ddf16de6af0c165b8745,wordpress/wp-content/plugins/appleklinika-inventory/assets/demo/iphone-13-pro-2.jpg,2315424aeb079e8783818bdce9b9f4e35502264b
bb412f71b33c3fdfad56ddf16de6af0c165b8745,wordpress/wp-content/plugins/appleklinika-inventory/assets/demo/iphone-13-pro-3.jpg,9cb7d8218523dd1fd93fc0251a22fe63c751c205
